regionType,regionId,representative,field,status,value,source,reason
ward,1,Daniel La Spata,name,value,Daniel La Spata,https://data.cityofchicago.org/resource/c6ie-9e6c.json?$limit=50000,
ward,1,Daniel La Spata,email,value,Ward01@cityofchicago.org,https://data.cityofchicago.org/resource/c6ie-9e6c.json?$limit=50000,
ward,1,Daniel La Spata,phone,value,(872) 206-2685,https://data.cityofchicago.org/resource/c6ie-9e6c.json?$limit=50000,
ward,1,Daniel La Spata,address,value,"1958 North Milwaukee Avenue, Chicago, IL 60647",https://data.cityofchicago.org/resource/c6ie-9e6c.json?$limit=50000,
ward,1,Daniel La Spata,photo,unavailable,,https://www.chicago.gov/city/en/about/wards/01.html,Not published by official source
ward,2,Brian Hopkins,name,value,Brian Hopkins,https://data.cityofchicago.org/resource/c6ie-9e6c.json?$limit=50000,
ward,2,Brian Hopkins,email,value,office@aldermanhopkins.com,https://data.cityofchicago.org/resource/c6ie-9e6c.json?$limit=50000,
ward,2,Brian Hopkins,phone,value,(312) 744-6836 / 9867/6213,https://data.cityofchicago.org/resource/c6ie-9e6c.json?$limit=50000,
ward,2,Brian Hopkins,address,value,"121 North LaSalle Street, Room 300, Chicago, IL 60602",https://data.cityofchicago.org/resource/c6ie-9e6c.json?$limit=50000,
ward,2,Brian Hopkins,photo,unavailable,,https://www.chicago.gov/city/en/about/wards/02.html,Not published by official source
ward,3,Pat Dowell,name,value,Pat Dowell,https://data.cityofchicago.org/resource/c6ie-9e6c.json?$limit=50000,
ward,3,Pat Dowell,email,value,Ward03@cityofchicago.org,https://data.cityofchicago.org/resource/c6ie-9e6c.json?$limit=50000,
ward,3,Pat Dowell,phone,value,(773) 373-9273,https://data.cityofchicago.org/resource/c6ie-9e6c.json?$limit=50000,
ward,3,Pat Dowell,address,value,"5046 South State Street, Chicago, IL 60609",https://data.cityofchicago.org/resource/c6ie-9e6c.json?$limit=50000,
ward,3,Pat Dowell,photo,unavailable,,https://www.chicago.gov/city/en/about/wards/03.html,Not published by official source
ward,4,Lamont J. Robinson,name,value,Lamont J. Robinson,https://data.cityofchicago.org/resource/c6ie-9e6c.json?$limit=50000,
ward,4,Lamont J. Robinson,email,value,Ward04@cityofchicago.org,https://data.cityofchicago.org/resource/c6ie-9e6c.json?$limit=50000,
ward,4,Lamont J. Robinson,phone,value,(312)744-2690,https://data.cityofchicago.org/resource/c6ie-9e6c.json?$limit=50000,
ward,4,Lamont J. Robinson,address,value,"928 East 43rd Street, Chicago, IL 60653",https://data.cityofchicago.org/resource/c6ie-9e6c.json?$limit=50000,
ward,4,Lamont J. Robinson,photo,unavailable,,https://www.chicago.gov/city/en/about/wards/04.html,Not published by official source
ward,5,Desmon C. Yancy,name,value,Desmon C. Yancy,https://data.cityofchicago.org/resource/c6ie-9e6c.json?$limit=50000,
ward,5,Desmon C. Yancy,email,value,Ward05@cityofchicago.org,https://data.cityofchicago.org/resource/c6ie-9e6c.json?$limit=50000,
ward,5,Desmon C. Yancy,phone,value,(312) 744-6832,https://data.cityofchicago.org/resource/c6ie-9e6c.json?$limit=50000,
ward,5,Desmon C. Yancy,address,value,"2230 East 71st Street, Chicago, IL 60649",https://data.cityofchicago.org/resource/c6ie-9e6c.json?$limit=50000,
ward,5,Desmon C. Yancy,photo,unavailable,,https://www.chicago.gov/city/en/about/wards/05.html,Not published by official source
ward,6,William E. Hall,name,value,William E. Hall,https://data.cityofchicago.org/resource/c6ie-9e6c.json?$limit=50000,
ward,6,William E. Hall,email,value,Ward06@cityofchicago.org,https://data.cityofchicago.org/resource/c6ie-9e6c.json?$limit=50000,
ward,6,William E. Hall,phone,value,(773) 241-3100,https://data.cityofchicago.org/resource/c6ie-9e6c.json?$limit=50000,
ward,6,William E. Hall,address,value,"8541 South State Street, Chicago, IL 60619",https://data.cityofchicago.org/resource/c6ie-9e6c.json?$limit=50000,
ward,6,William E. Hall,photo,unavailable,,https://www.chicago.gov/city/en/about/wards/06.html,Not published by official source
ward,7,Gregory I. Mitchell,name,value,Gregory I. Mitchell,https://data.cityofchicago.org/resource/c6ie-9e6c.json?$limit=50000,
ward,7,Gregory I. Mitchell,email,value,Ward07@cityofchicago.org,https://data.cityofchicago.org/resource/c6ie-9e6c.json?$limit=50000,
ward,7,Gregory I. Mitchell,phone,value,(773) 731-7777,https://data.cityofchicago.org/resource/c6ie-9e6c.json?$limit=50000,
ward,7,Gregory I. Mitchell,address,value,"2249 East 95th Street, Chicago, IL 60617",https://data.cityofchicago.org/resource/c6ie-9e6c.json?$limit=50000,
ward,7,Gregory I. Mitchell,photo,unavailable,,https://www.chicago.gov/city/en/about/wards/07.html,Not published by official source
ward,8,Michelle A. Harris,name,value,Michelle A. Harris,https://data.cityofchicago.org/resource/c6ie-9e6c.json?$limit=50000,
ward,8,Michelle A. Harris,email,value,Ward08@cityofchicago.org,https://data.cityofchicago.org/resource/c6ie-9e6c.json?$limit=50000,
ward,8,Michelle A. Harris,phone,value,(773) 874-3300,https://data.cityofchicago.org/resource/c6ie-9e6c.json?$limit=50000,
ward,8,Michelle A. Harris,address,value,"8539 South Cottage Grove Avenue, Chicago, IL 60619",https://data.cityofchicago.org/resource/c6ie-9e6c.json?$limit=50000,
ward,8,Michelle A. Harris,photo,unavailable,,https://www.chicago.gov/city/en/about/wards/08.html,Not published by official source
ward,9,Anthony Beale,name,value,Anthony Beale,https://data.cityofchicago.org/resource/c6ie-9e6c.json?$limit=50000,
ward,9,Anthony Beale,email,value,Ward09@cityofchicago.org,https://data.cityofchicago.org/resource/c6ie-9e6c.json?$limit=50000,
ward,9,Anthony Beale,phone,value,(773) 785-1100,https://data.cityofchicago.org/resource/c6ie-9e6c.json?$limit=50000,
ward,9,Anthony Beale,address,value,"34 East 112th Place, Chicago, IL 60628",https://data.cityofchicago.org/resource/c6ie-9e6c.json?$limit=50000,
ward,9,Anthony Beale,photo,unavailable,,https://www.chicago.gov/city/en/about/wards/09.html,Not published by official source
ward,10,Peter Chico,name,value,Peter Chico,https://data.cityofchicago.org/resource/c6ie-9e6c.json?$limit=50000,
ward,10,Peter Chico,email,value,Ward10@cityofchicago.org,https://data.cityofchicago.org/resource/c6ie-9e6c.json?$limit=50000,
ward,10,Peter Chico,phone,value,(773) 768-8138,https://data.cityofchicago.org/resource/c6ie-9e6c.json?$limit=50000,
ward,10,Peter Chico,address,value,"10500 South Ewing Avenue, Chicago, IL 60617",https://data.cityofchicago.org/resource/c6ie-9e6c.json?$limit=50000,
ward,10,Peter Chico,photo,unavailable,,https://www.chicago.gov/city/en/about/wards/10.html,Not published by official source
ward,11,Nicole T. Lee,name,value,Nicole T. Lee,https://data.cityofchicago.org/resource/c6ie-9e6c.json?$limit=50000,
ward,11,Nicole T. Lee,email,value,Ward11@cityofchicago.org,https://data.cityofchicago.org/resource/c6ie-9e6c.json?$limit=50000,
ward,11,Nicole T. Lee,phone,value,(773) 254-6677,https://data.cityofchicago.org/resource/c6ie-9e6c.json?$limit=50000,
ward,11,Nicole T. Lee,address,value,"3659 South Halsted Street, Chicago, IL 60609",https://data.cityofchicago.org/resource/c6ie-9e6c.json?$limit=50000,
ward,11,Nicole T. Lee,photo,unavailable,,https://www.chicago.gov/city/en/about/wards/11.html,Not published by official source
ward,12,Julia M. Ramirez,name,value,Julia M. Ramirez,https://data.cityofchicago.org/resource/c6ie-9e6c.json?$limit=50000,
ward,12,Julia M. Ramirez,email,value,Ward12@cityofchicago.org,https://data.cityofchicago.org/resource/c6ie-9e6c.json?$limit=50000,
ward,12,Julia M. Ramirez,phone,value,(773) 475-6783,https://data.cityofchicago.org/resource/c6ie-9e6c.json?$limit=50000,
ward,12,Julia M. Ramirez,address,value,"3868 South Archer Avenue, Chicago, IL 60632",https://data.cityofchicago.org/resource/c6ie-9e6c.json?$limit=50000,
ward,12,Julia M. Ramirez,photo,unavailable,,https://www.chicago.gov/city/en/about/wards/12.html,Not published by official source
ward,13,Marty Quinn,name,value,Marty Quinn,https://data.cityofchicago.org/resource/c6ie-9e6c.json?$limit=50000,
ward,13,Marty Quinn,email,value,Ward13@cityofchicago.org,https://data.cityofchicago.org/resource/c6ie-9e6c.json?$limit=50000,
ward,13,Marty Quinn,phone,value,(773) 581-8000,https://data.cityofchicago.org/resource/c6ie-9e6c.json?$limit=50000,
ward,13,Marty Quinn,address,value,"6500 South Pulaski Road, Chicago, IL 60629",https://data.cityofchicago.org/resource/c6ie-9e6c.json?$limit=50000,
ward,13,Marty Quinn,photo,unavailable,,https://www.chicago.gov/city/en/about/wards/13.html,Not published by official source
ward,14,Jeylu B. Gutierrez,name,value,Jeylu B. Gutierrez,https://data.cityofchicago.org/resource/c6ie-9e6c.json?$limit=50000,
ward,14,Jeylu B. Gutierrez,email,value,Ward14@cityofchicago.org,https://data.cityofchicago.org/resource/c6ie-9e6c.json?$limit=50000,
ward,14,Jeylu B. Gutierrez,phone,value,773-236-0117,https://data.cityofchicago.org/resource/c6ie-9e6c.json?$limit=50000,
ward,14,Jeylu B. Gutierrez,address,value,"3124 West 59th Street, Chicago, IL 60629",https://data.cityofchicago.org/resource/c6ie-9e6c.json?$limit=50000,
ward,14,Jeylu B. Gutierrez,photo,unavailable,,https://www.chicago.gov/city/en/about/wards/14.html,Not published by official source
ward,15,Raymond A. Lopez,name,value,Raymond A. Lopez,https://data.cityofchicago.org/resource/c6ie-9e6c.json?$limit=50000,
ward,15,Raymond A. Lopez,email,value,Ward15@cityofchicago.org,https://data.cityofchicago.org/resource/c6ie-9e6c.json?$limit=50000,
ward,15,Raymond A. Lopez,phone,value,(773) 823-1539,https://data.cityofchicago.org/resource/c6ie-9e6c.json?$limit=50000,
ward,15,Raymond A. Lopez,address,value,"2650 West 51st Street, Chicago, IL 60632",https://data.cityofchicago.org/resource/c6ie-9e6c.json?$limit=50000,
ward,15,Raymond A. Lopez,photo,unavailable,,https://www.chicago.gov/city/en/about/wards/15.html,Not published by official source
ward,16,Stephanie D. Coleman,name,value,Stephanie D. Coleman,https://data.cityofchicago.org/resource/c6ie-9e6c.json?$limit=50000,
ward,16,Stephanie D. Coleman,email,value,Ward16@cityofchicago.org,https://data.cityofchicago.org/resource/c6ie-9e6c.json?$limit=50000,
ward,16,Stephanie D. Coleman,phone,value,(773) 306-1981,https://data.cityofchicago.org/resource/c6ie-9e6c.json?$limit=50000,
ward,16,Stephanie D. Coleman,address,value,"1137 West 63rd Street, Unit C, Chicago, IL 60621",https://data.cityofchicago.org/resource/c6ie-9e6c.json?$limit=50000,
ward,16,Stephanie D. Coleman,photo,unavailable,,https://www.chicago.gov/city/en/about/wards/16.html,Not published by official source
ward,17,David H. Moore,name,value,David H. Moore,https://data.cityofchicago.org/resource/c6ie-9e6c.json?$limit=50000,
ward,17,David H. Moore,email,value,Ward17@cityofchicago.org,https://data.cityofchicago.org/resource/c6ie-9e6c.json?$limit=50000,
ward,17,David H. Moore,phone,value,(773) 783-3672,https://data.cityofchicago.org/resource/c6ie-9e6c.json?$limit=50000,
ward,17,David H. Moore,address,value,"1344 West 79th Street, Chicago, IL 60620",https://data.cityofchicago.org/resource/c6ie-9e6c.json?$limit=50000,
ward,17,David H. Moore,photo,unavailable,,https://www.chicago.gov/city/en/about/wards/17.html,Not published by official source
ward,18,Derrick G. Curtis,name,value,Derrick G. Curtis,https://data.cityofchicago.org/resource/c6ie-9e6c.json?$limit=50000,
ward,18,Derrick G. Curtis,email,value,Ward18@cityofchicago.org,https://data.cityofchicago.org/resource/c6ie-9e6c.json?$limit=50000,
ward,18,Derrick G. Curtis,phone,value,(773) 284-5057,https://data.cityofchicago.org/resource/c6ie-9e6c.json?$limit=50000,
ward,18,Derrick G. Curtis,address,value,"8359 South Pulaski Road, Chicago, IL 60652",https://data.cityofchicago.org/resource/c6ie-9e6c.json?$limit=50000,
ward,18,Derrick G. Curtis,photo,unavailable,,https://www.chicago.gov/city/en/about/wards/18.html,Not published by official source
ward,19,Matthew J. O'Shea,name,value,Matthew J. O'Shea,https://data.cityofchicago.org/resource/c6ie-9e6c.json?$limit=50000,
ward,19,Matthew J. O'Shea,email,value,Ward19@cityofchicago.org,https://data.cityofchicago.org/resource/c6ie-9e6c.json?$limit=50000,
ward,19,Matthew J. O'Shea,phone,value,(773) 238-8766,https://data.cityofchicago.org/resource/c6ie-9e6c.json?$limit=50000,
ward,19,Matthew J. O'Shea,address,value,"10400 South Western Avenue, Chicago, IL 60643",https://data.cityofchicago.org/resource/c6ie-9e6c.json?$limit=50000,
ward,19,Matthew J. O'Shea,photo,unavailable,,https://www.chicago.gov/city/en/about/wards/19.html,Not published by official source
ward,20,Jeanette B. Taylor,name,value,Jeanette B. Taylor,https://data.cityofchicago.org/resource/c6ie-9e6c.json?$limit=50000,
ward,20,Jeanette B. Taylor,email,value,Ward20@cityofchicago.org,https://data.cityofchicago.org/resource/c6ie-9e6c.json?$limit=50000,
ward,20,Jeanette B. Taylor,phone,value,(773) 966-5336,https://data.cityofchicago.org/resource/c6ie-9e6c.json?$limit=50000,
ward,20,Jeanette B. Taylor,address,value,"5401 South Wentworth Avenue, Suite 19E, Chicago, IL 60621",https://data.cityofchicago.org/resource/c6ie-9e6c.json?$limit=50000,
ward,20,Jeanette B. Taylor,photo,unavailable,,https://www.chicago.gov/city/en/about/wards/20.html,Not published by official source
ward,21,Ronnie L. Mosley,name,value,Ronnie L. Mosley,https://data.cityofchicago.org/resource/c6ie-9e6c.json?$limit=50000,
ward,21,Ronnie L. Mosley,email,value,Ward21@cityofchicago.org,https://data.cityofchicago.org/resource/c6ie-9e6c.json?$limit=50000,
ward,21,Ronnie L. Mosley,phone,value,(773) 881-9300,https://data.cityofchicago.org/resource/c6ie-9e6c.json?$limit=50000,
ward,21,Ronnie L. Mosley,address,value,"10805 South Halsted Street, Chicago, IL 60628",https://data.cityofchicago.org/resource/c6ie-9e6c.json?$limit=50000,
ward,21,Ronnie L. Mosley,photo,unavailable,,https://www.chicago.gov/city/en/about/wards/21.html,Not published by official source
ward,22,Michael D. Rodriguez,name,value,Michael D. Rodriguez,https://data.cityofchicago.org/resource/c6ie-9e6c.json?$limit=50000,
ward,22,Michael D. Rodriguez,email,value,Ward22@cityofchicago.org,https://data.cityofchicago.org/resource/c6ie-9e6c.json?$limit=50000,
ward,22,Michael D. Rodriguez,phone,value,(773) 762-1771,https://data.cityofchicago.org/resource/c6ie-9e6c.json?$limit=50000,
ward,22,Michael D. Rodriguez,address,value,"2500 South St. Louis Avenue, Chicago, IL 60623",https://data.cityofchicago.org/resource/c6ie-9e6c.json?$limit=50000,
ward,22,Michael D. Rodriguez,photo,unavailable,,https://www.chicago.gov/city/en/about/wards/22.html,Not published by official source
ward,23,Silvana Tabares,name,value,Silvana Tabares,https://data.cityofchicago.org/resource/c6ie-9e6c.json?$limit=50000,
ward,23,Silvana Tabares,email,value,Ward23@cityofchicago.org,https://data.cityofchicago.org/resource/c6ie-9e6c.json?$limit=50000,
ward,23,Silvana Tabares,phone,value,(773) 582-4444,https://data.cityofchicago.org/resource/c6ie-9e6c.json?$limit=50000,
ward,23,Silvana Tabares,address,value,"6247 South Archer Avenue, Chicago, IL 60638",https://data.cityofchicago.org/resource/c6ie-9e6c.json?$limit=50000,
ward,23,Silvana Tabares,photo,unavailable,,https://www.chicago.gov/city/en/about/wards/23.html,Not published by official source
ward,24,Monique L. Scott,name,value,Monique L. Scott,https://data.cityofchicago.org/resource/c6ie-9e6c.json?$limit=50000,
ward,24,Monique L. Scott,email,value,ward24@cityofchicago.org,https://data.cityofchicago.org/resource/c6ie-9e6c.json?$limit=50000,
ward,24,Monique L. Scott,phone,value,(773) 533-2400,https://data.cityofchicago.org/resource/c6ie-9e6c.json?$limit=50000,
ward,24,Monique L. Scott,address,value,"1158 South Keeler Street, Chicago, IL 60624",https://data.cityofchicago.org/resource/c6ie-9e6c.json?$limit=50000,
ward,24,Monique L. Scott,photo,unavailable,,https://www.chicago.gov/city/en/about/wards/24.html,Not published by official source
ward,25,Byron Sigcho-Lopez,name,value,Byron Sigcho-Lopez,https://data.cityofchicago.org/resource/c6ie-9e6c.json?$limit=50000,
ward,25,Byron Sigcho-Lopez,email,value,Ward25@cityofchicago.org,https://data.cityofchicago.org/resource/c6ie-9e6c.json?$limit=50000,
ward,25,Byron Sigcho-Lopez,phone,value,(773) 523-4100,https://data.cityofchicago.org/resource/c6ie-9e6c.json?$limit=50000,
ward,25,Byron Sigcho-Lopez,address,value,"2100 West Cermak Road, Chicago, IL 60608",https://data.cityofchicago.org/resource/c6ie-9e6c.json?$limit=50000,
ward,25,Byron Sigcho-Lopez,photo,unavailable,,https://www.chicago.gov/city/en/about/wards/25.html,Not published by official source
ward,26,Jessica L. Fuentes,name,value,Jessica L. Fuentes,https://data.cityofchicago.org/resource/c6ie-9e6c.json?$limit=50000,
ward,26,Jessica L. Fuentes,email,value,Ward26@cityofchicago.org,https://data.cityofchicago.org/resource/c6ie-9e6c.json?$limit=50000,
ward,26,Jessica L. Fuentes,phone,value,(773) 395-0143,https://data.cityofchicago.org/resource/c6ie-9e6c.json?$limit=50000,
ward,26,Jessica L. Fuentes,address,value,"2511 West Division Street, Chicago, IL 60602",https://data.cityofchicago.org/resource/c6ie-9e6c.json?$limit=50000,
ward,26,Jessica L. Fuentes,photo,unavailable,,https://www.chicago.gov/city/en/about/wards/26.html,Not published by official source
ward,27,Walter R. Burnett,name,value,Walter R. Burnett,https://data.cityofchicago.org/resource/c6ie-9e6c.json?$limit=50000,
ward,27,Walter R. Burnett,email,value,Ward27@cityofchicago.org,https://data.cityofchicago.org/resource/c6ie-9e6c.json?$limit=50000,
ward,27,Walter R. Burnett,phone,value,(312) 432-1995,https://data.cityofchicago.org/resource/c6ie-9e6c.json?$limit=50000,
ward,27,Walter R. Burnett,address,value,"4 North Western Avenue, Unit 1C, Chicago, IL 60618",https://data.cityofchicago.org/resource/c6ie-9e6c.json?$limit=50000,
ward,27,Walter R. Burnett,photo,unavailable,,https://www.chicago.gov/city/en/about/wards/27.html,Not published by official source
ward,28,Jason C. Ervin,name,value,Jason C. Ervin,https://data.cityofchicago.org/resource/c6ie-9e6c.json?$limit=50000,
ward,28,Jason C. Ervin,email,value,Ward28@cityofchicago.org,https://data.cityofchicago.org/resource/c6ie-9e6c.json?$limit=50000,
ward,28,Jason C. Ervin,phone,value,(773) 533-0900,https://data.cityofchicago.org/resource/c6ie-9e6c.json?$limit=50000,
ward,28,Jason C. Ervin,address,value,"2622 West Jackson Boulevard, Suite 200A, Chicago, IL 60612",https://data.cityofchicago.org/resource/c6ie-9e6c.json?$limit=50000,
ward,28,Jason C. Ervin,photo,unavailable,,https://www.chicago.gov/city/en/about/wards/28.html,Not published by official source
ward,29,Chris Taliaferro,name,value,Chris Taliaferro,https://data.cityofchicago.org/resource/c6ie-9e6c.json?$limit=50000,
ward,29,Chris Taliaferro,email,value,Ward29@cityofchicago.org,https://data.cityofchicago.org/resource/c6ie-9e6c.json?$limit=50000,
ward,29,Chris Taliaferro,phone,value,(773) 237-6460,https://data.cityofchicago.org/resource/c6ie-9e6c.json?$limit=50000,
ward,29,Chris Taliaferro,address,value,"6272 West North Avenue, Chicago, IL 60639",https://data.cityofchicago.org/resource/c6ie-9e6c.json?$limit=50000,
ward,29,Chris Taliaferro,photo,unavailable,,https://www.chicago.gov/city/en/about/wards/29.html,Not published by official source
ward,30,Ruth Cruz,name,value,Ruth Cruz,https://data.cityofchicago.org/resource/c6ie-9e6c.json?$limit=50000,
ward,30,Ruth Cruz,email,value,Ward30@cityofchicago.org,https://data.cityofchicago.org/resource/c6ie-9e6c.json?$limit=50000,
ward,30,Ruth Cruz,phone,value,(773) 628-7874,https://data.cityofchicago.org/resource/c6ie-9e6c.json?$limit=50000,
ward,30,Ruth Cruz,address,value,"5418 W. Belmont Ave, Chicago, IL 60641",https://data.cityofchicago.org/resource/c6ie-9e6c.json?$limit=50000,
ward,30,Ruth Cruz,photo,unavailable,,https://www.chicago.gov/city/en/about/wards/30.html,Not published by official source
ward,31,Jr. Cardona,name,value,Jr. Cardona,https://data.cityofchicago.org/resource/c6ie-9e6c.json?$limit=50000,
ward,31,Jr. Cardona,email,value,Ward31@cityofchicago.org,https://data.cityofchicago.org/resource/c6ie-9e6c.json?$limit=50000,
ward,31,Jr. Cardona,phone,value,(773) 824-2000,https://data.cityofchicago.org/resource/c6ie-9e6c.json?$limit=50000,
ward,31,Jr. Cardona,address,value,"4606 West Diversey Avenue, Chicago, IL 60639",https://data.cityofchicago.org/resource/c6ie-9e6c.json?$limit=50000,
ward,31,Jr. Cardona,photo,unavailable,,https://www.chicago.gov/city/en/about/wards/31.html,Not published by official source
ward,32,Scott Waguespack,name,value,Scott Waguespack,https://data.cityofchicago.org/resource/c6ie-9e6c.json?$limit=50000,
ward,32,Scott Waguespack,email,value,Ward32@cityofchicago.org,https://data.cityofchicago.org/resource/c6ie-9e6c.json?$limit=50000,
ward,32,Scott Waguespack,phone,value,(773) 248-1330,https://data.cityofchicago.org/resource/c6ie-9e6c.json?$limit=50000,
ward,32,Scott Waguespack,address,value,"2657 North Clybourn Avenue, Chicago, IL 60614",https://data.cityofchicago.org/resource/c6ie-9e6c.json?$limit=50000,
ward,32,Scott Waguespack,photo,unavailable,,https://www.chicago.gov/city/en/about/wards/32.html,Not published by official source
ward,33,Rossana Rodriguez Sanchez,name,value,Rossana Rodriguez Sanchez,https://data.cityofchicago.org/resource/c6ie-9e6c.json?$limit=50000,
ward,33,Rossana Rodriguez Sanchez,email,value,Ward33@cityofchicago.org,https://data.cityofchicago.org/resource/c6ie-9e6c.json?$limit=50000,
ward,33,Rossana Rodriguez Sanchez,phone,value,(773) 840-7880,https://data.cityofchicago.org/resource/c6ie-9e6c.json?$limit=50000,
ward,33,Rossana Rodriguez Sanchez,address,value,"4747 North Sawyer Avenue, Chicago, IL 60625",https://data.cityofchicago.org/resource/c6ie-9e6c.json?$limit=50000,
ward,33,Rossana Rodriguez Sanchez,photo,unavailable,,https://www.chicago.gov/city/en/about/wards/33.html,Not published by official source
ward,34,William Conway,name,value,William Conway,https://data.cityofchicago.org/resource/c6ie-9e6c.json?$limit=50000,
ward,34,William Conway,email,value,Ward34@cityofchicago.org,https://data.cityofchicago.org/resource/c6ie-9e6c.json?$limit=50000,
ward,34,William Conway,phone,value,(312) 744-6820,https://data.cityofchicago.org/resource/c6ie-9e6c.json?$limit=50000,
ward,34,William Conway,address,value,"121 North LaSalle Street, Room 300, Chicago, IL 60602",https://data.cityofchicago.org/resource/c6ie-9e6c.json?$limit=50000,
ward,34,William Conway,photo,unavailable,,https://www.chicago.gov/city/en/about/wards/34.html,Not published by official source
ward,35,Anthony J. Quezada,name,value,Anthony J. Quezada,https://data.cityofchicago.org/resource/c6ie-9e6c.json?$limit=50000,
ward,35,Anthony J. Quezada,email,value,ward35@cityofchicago.org,https://data.cityofchicago.org/resource/c6ie-9e6c.json?$limit=50000,
ward,35,Anthony J. Quezada,phone,value,(773) 887-3772,https://data.cityofchicago.org/resource/c6ie-9e6c.json?$limit=50000,
ward,35,Anthony J. Quezada,address,value,"2934 North Milwaukee Avenue, Unit C, Chicago, IL 60618",https://data.cityofchicago.org/resource/c6ie-9e6c.json?$limit=50000,
ward,35,Anthony J. Quezada,photo,unavailable,,https://www.chicago.gov/city/en/about/wards/35.html,Not published by official source
ward,36,Gilbert Villegas,name,value,Gilbert Villegas,https://data.cityofchicago.org/resource/c6ie-9e6c.json?$limit=50000,
ward,36,Gilbert Villegas,email,value,Ward36@cityofchicago.org,https://data.cityofchicago.org/resource/c6ie-9e6c.json?$limit=50000,
ward,36,Gilbert Villegas,phone,value,(773) 745-4636,https://data.cityofchicago.org/resource/c6ie-9e6c.json?$limit=50000,
ward,36,Gilbert Villegas,address,value,"6560 West Fullerton Avenue, Unit C118, Suite A; 2246 West Chicago Avenue, Chicago, IL 60707; 60622",https://data.cityofchicago.org/resource/c6ie-9e6c.json?$limit=50000,
ward,36,Gilbert Villegas,photo,unavailable,,https://www.chicago.gov/city/en/about/wards/36.html,Not published by official source
ward,37,Emma Mitts,name,value,Emma Mitts,https://data.cityofchicago.org/resource/c6ie-9e6c.json?$limit=50000,
ward,37,Emma Mitts,email,value,Ward37@cityofchicago.org,https://data.cityofchicago.org/resource/c6ie-9e6c.json?$limit=50000,
ward,37,Emma Mitts,phone,value,(773) 379-0960,https://data.cityofchicago.org/resource/c6ie-9e6c.json?$limit=50000,
ward,37,Emma Mitts,address,value,"4924 West Chicago Avenue, Chicago, IL 60651",https://data.cityofchicago.org/resource/c6ie-9e6c.json?$limit=50000,
ward,37,Emma Mitts,photo,unavailable,,https://www.chicago.gov/city/en/about/wards/37.html,Not published by official source
ward,38,Nicholas Sposato,name,value,Nicholas Sposato,https://data.cityofchicago.org/resource/c6ie-9e6c.json?$limit=50000,
ward,38,Nicholas Sposato,email,value,Ward38@cityofchicago.org,https://data.cityofchicago.org/resource/c6ie-9e6c.json?$limit=50000,
ward,38,Nicholas Sposato,phone,value,(773) 283-3838,https://data.cityofchicago.org/resource/c6ie-9e6c.json?$limit=50000,
ward,38,Nicholas Sposato,address,value,"3821 North Harlem Avenue, Chicago, IL 60634",https://data.cityofchicago.org/resource/c6ie-9e6c.json?$limit=50000,
ward,38,Nicholas Sposato,photo,unavailable,,https://www.chicago.gov/city/en/about/wards/38.html,Not published by official source
ward,39,Samantha Nugent,name,value,Samantha Nugent,https://data.cityofchicago.org/resource/c6ie-9e6c.json?$limit=50000,
ward,39,Samantha Nugent,email,value,Ward39@cityofchicago.org,https://data.cityofchicago.org/resource/c6ie-9e6c.json?$limit=50000,
ward,39,Samantha Nugent,phone,value,(773) 736-5594,https://data.cityofchicago.org/resource/c6ie-9e6c.json?$limit=50000,
ward,39,Samantha Nugent,address,value,"4200 West Lawrence Avenue, Chicago, IL 60630",https://data.cityofchicago.org/resource/c6ie-9e6c.json?$limit=50000,
ward,39,Samantha Nugent,photo,unavailable,,https://www.chicago.gov/city/en/about/wards/39.html,Not published by official source
ward,40,Jr. Vasquez,name,value,Jr. Vasquez,https://data.cityofchicago.org/resource/c6ie-9e6c.json?$limit=50000,
ward,40,Jr. Vasquez,email,value,Ward40@cityofchicago.org,https://data.cityofchicago.org/resource/c6ie-9e6c.json?$limit=50000,
ward,40,Jr. Vasquez,phone,value,(773) 654-1867,https://data.cityofchicago.org/resource/c6ie-9e6c.json?$limit=50000,
ward,40,Jr. Vasquez,address,value,"5620 North Western Avenue, Chicago, IL 60659",https://data.cityofchicago.org/resource/c6ie-9e6c.json?$limit=50000,
ward,40,Jr. Vasquez,photo,unavailable,,https://www.chicago.gov/city/en/about/wards/40.html,Not published by official source
ward,41,Anthony V. Napolitano,name,value,Anthony V. Napolitano,https://data.cityofchicago.org/resource/c6ie-9e6c.json?$limit=50000,
ward,41,Anthony V. Napolitano,email,value,Ward41@cityofchicago.org,https://data.cityofchicago.org/resource/c6ie-9e6c.json?$limit=50000,
ward,41,Anthony V. Napolitano,phone,value,(773) 631-2241,https://data.cityofchicago.org/resource/c6ie-9e6c.json?$limit=50000,
ward,41,Anthony V. Napolitano,address,value,"7231 West Touhy Avenue, Chicago, IL 60631",https://data.cityofchicago.org/resource/c6ie-9e6c.json?$limit=50000,
ward,41,Anthony V. Napolitano,photo,unavailable,,https://www.chicago.gov/city/en/about/wards/41.html,Not published by official source
ward,42,Brendan Reilly,name,value,Brendan Reilly,https://data.cityofchicago.org/resource/c6ie-9e6c.json?$limit=50000,
ward,42,Brendan Reilly,email,value,Ward42@cityofchicago.org,https://data.cityofchicago.org/resource/c6ie-9e6c.json?$limit=50000,
ward,42,Brendan Reilly,phone,value,(312) 642-4242,https://data.cityofchicago.org/resource/c6ie-9e6c.json?$limit=50000,
ward,42,Brendan Reilly,address,value,"121 North LaSalle Street, Room 200, Office 6, Chicago, IL 60602",https://data.cityofchicago.org/resource/c6ie-9e6c.json?$limit=50000,
ward,42,Brendan Reilly,photo,unavailable,,https://www.chicago.gov/city/en/about/wards/42.html,Not published by official source
ward,43,Timothy R. Knudsen,name,value,Timothy R. Knudsen,https://data.cityofchicago.org/resource/c6ie-9e6c.json?$limit=50000,
ward,43,Timothy R. Knudsen,email,value,Ward43@cityofchicago.org,https://data.cityofchicago.org/resource/c6ie-9e6c.json?$limit=50000,
ward,43,Timothy R. Knudsen,phone,value,(773) 348-9500,https://data.cityofchicago.org/resource/c6ie-9e6c.json?$limit=50000,
ward,43,Timothy R. Knudsen,address,value,"2523 North Halsted Street, Chicago, IL 60614",https://data.cityofchicago.org/resource/c6ie-9e6c.json?$limit=50000,
ward,43,Timothy R. Knudsen,photo,unavailable,,https://www.chicago.gov/city/en/about/wards/43.html,Not published by official source
ward,44,Bennett R. Lawson,name,value,Bennett R. Lawson,https://data.cityofchicago.org/resource/c6ie-9e6c.json?$limit=50000,
ward,44,Bennett R. Lawson,email,value,Ward44@cityofchicago.org,https://data.cityofchicago.org/resource/c6ie-9e6c.json?$limit=50000,
ward,44,Bennett R. Lawson,phone,value,(773) 525-6034,https://data.cityofchicago.org/resource/c6ie-9e6c.json?$limit=50000,
ward,44,Bennett R. Lawson,address,value,"3223 North Sheffield Avenue, Suite A, Chicago, IL 60657",https://data.cityofchicago.org/resource/c6ie-9e6c.json?$limit=50000,
ward,44,Bennett R. Lawson,photo,unavailable,,https://www.chicago.gov/city/en/about/wards/44.html,Not published by official source
ward,45,James M. Gardiner,name,value,James M. Gardiner,https://data.cityofchicago.org/resource/c6ie-9e6c.json?$limit=50000,
ward,45,James M. Gardiner,email,value,Ward45@cityofchicago.org,https://data.cityofchicago.org/resource/c6ie-9e6c.json?$limit=50000,
ward,45,James M. Gardiner,phone,value,(773) 853-0799,https://data.cityofchicago.org/resource/c6ie-9e6c.json?$limit=50000,
ward,45,James M. Gardiner,address,value,"5460 N. Milwaukee Ave, Chicago, IL 60630",https://data.cityofchicago.org/resource/c6ie-9e6c.json?$limit=50000,
ward,45,James M. Gardiner,photo,unavailable,,https://www.chicago.gov/city/en/about/wards/45.html,Not published by official source
ward,46,Angela Clay,name,value,Angela Clay,https://data.cityofchicago.org/resource/c6ie-9e6c.json?$limit=50000,
ward,46,Angela Clay,email,value,Ward46@cityofchicago.org,https://data.cityofchicago.org/resource/c6ie-9e6c.json?$limit=50000,
ward,46,Angela Clay,phone,value,(312) 744-6831,https://data.cityofchicago.org/resource/c6ie-9e6c.json?$limit=50000,
ward,46,Angela Clay,address,value,"4544 North Broadway, Chicago, IL 60640",https://data.cityofchicago.org/resource/c6ie-9e6c.json?$limit=50000,
ward,46,Angela Clay,photo,unavailable,,https://www.chicago.gov/city/en/about/wards/46.html,Not published by official source
ward,47,Matthew J. Martin,name,value,Matthew J. Martin,https://data.cityofchicago.org/resource/c6ie-9e6c.json?$limit=50000,
ward,47,Matthew J. Martin,email,value,Ward47@cityofchicago.org,https://data.cityofchicago.org/resource/c6ie-9e6c.json?$limit=50000,
ward,47,Matthew J. Martin,phone,value,(773) 868-4747,https://data.cityofchicago.org/resource/c6ie-9e6c.json?$limit=50000,
ward,47,Matthew J. Martin,address,value,"4243 North Lincoln Avenue, Chicago, Illinois 60618",https://data.cityofchicago.org/resource/c6ie-9e6c.json?$limit=50000,
ward,47,Matthew J. Martin,photo,unavailable,,https://www.chicago.gov/city/en/about/wards/47.html,Not published by official source
ward,48,Leni Manaa-Hoppenworth,name,value,Leni Manaa-Hoppenworth,https://data.cityofchicago.org/resource/c6ie-9e6c.json?$limit=50000,
ward,48,Leni Manaa-Hoppenworth,email,value,Ward48@cityofchicago.org,https://data.cityofchicago.org/resource/c6ie-9e6c.json?$limit=50000,
ward,48,Leni Manaa-Hoppenworth,phone,value,(773) 784-5277,https://data.cityofchicago.org/resource/c6ie-9e6c.json?$limit=50000,
ward,48,Leni Manaa-Hoppenworth,address,value,"1129 West Bryn Mawr Avenue, Chicago, IL 60660",https://data.cityofchicago.org/resource/c6ie-9e6c.json?$limit=50000,
ward,48,Leni Manaa-Hoppenworth,photo,unavailable,,https://www.chicago.gov/city/en/about/wards/48.html,Not published by official source
ward,49,Maria E. Hadden,name,value,Maria E. Hadden,https://data.cityofchicago.org/resource/c6ie-9e6c.json?$limit=50000,
ward,49,Maria E. Hadden,email,value,Ward49@cityofchicago.org,https://data.cityofchicago.org/resource/c6ie-9e6c.json?$limit=50000,
ward,49,Maria E. Hadden,phone,value,(773) 338-5796,https://data.cityofchicago.org/resource/c6ie-9e6c.json?$limit=50000,
ward,49,Maria E. Hadden,address,value,"1447 West Morse Avenue, Chicago, IL 60626",https://data.cityofchicago.org/resource/c6ie-9e6c.json?$limit=50000,
ward,49,Maria E. Hadden,photo,unavailable,,https://www.chicago.gov/city/en/about/wards/49.html,Not published by official source
ward,50,Debra L. Silverstein,name,value,Debra L. Silverstein,https://data.cityofchicago.org/resource/c6ie-9e6c.json?$limit=50000,
ward,50,Debra L. Silverstein,email,value,Ward50@cityofchicago.org,https://data.cityofchicago.org/resource/c6ie-9e6c.json?$limit=50000,
ward,50,Debra L. Silverstein,phone,value,(773) 262-1050,https://data.cityofchicago.org/resource/c6ie-9e6c.json?$limit=50000,
ward,50,Debra L. Silverstein,address,value,"2949 West Devon Avenue, Chicago, IL 60659",https://data.cityofchicago.org/resource/c6ie-9e6c.json?$limit=50000,
ward,50,Debra L. Silverstein,photo,unavailable,,https://www.chicago.gov/city/en/about/wards/50.html,Not published by official source
congressional,13,Nikki Budzinski,name,value,Nikki Budzinski,https://clerk.house.gov/xml/lists/MemberData.xml,
congressional,13,Nikki Budzinski,email,unavailable,,https://clerk.house.gov/xml/lists/MemberData.xml,Not published by official source
congressional,13,Nikki Budzinski,phone,value,(202) 225-2371,https://clerk.house.gov/xml/lists/MemberData.xml,
congressional,13,Nikki Budzinski,address,value,"1717 LHOB Washington, DC 20515",https://clerk.house.gov/xml/lists/MemberData.xml,
congressional,13,Nikki Budzinski,photo,unavailable,,https://clerk.house.gov/xml/lists/MemberData.xml,Not published by official source
congressional,3,Delia C. Ramirez,name,value,Delia C. Ramirez,https://clerk.house.gov/xml/lists/MemberData.xml,
congressional,3,Delia C. Ramirez,email,unavailable,,https://clerk.house.gov/xml/lists/MemberData.xml,Not published by official source
congressional,3,Delia C. Ramirez,phone,value,(202) 225-5701,https://clerk.house.gov/xml/lists/MemberData.xml,
congressional,3,Delia C. Ramirez,address,value,"1523 LHOB Washington, DC 20515",https://clerk.house.gov/xml/lists/MemberData.xml,
congressional,3,Delia C. Ramirez,photo,unavailable,,https://clerk.house.gov/xml/lists/MemberData.xml,Not published by official source
congressional,9,Janice D. Schakowsky,name,value,Janice D. Schakowsky,https://clerk.house.gov/xml/lists/MemberData.xml,
congressional,9,Janice D. Schakowsky,email,unavailable,,https://clerk.house.gov/xml/lists/MemberData.xml,Not published by official source
congressional,9,Janice D. Schakowsky,phone,value,(202) 225-2111,https://clerk.house.gov/xml/lists/MemberData.xml,
congressional,9,Janice D. Schakowsky,address,value,"2408 RHOB Washington, DC 20515",https://clerk.house.gov/xml/lists/MemberData.xml,
congressional,9,Janice D. Schakowsky,photo,unavailable,,https://clerk.house.gov/xml/lists/MemberData.xml,Not published by official source
congressional,1,Jonathan L. Jackson,name,value,Jonathan L. Jackson,https://clerk.house.gov/xml/lists/MemberData.xml,
congressional,1,Jonathan L. Jackson,email,unavailable,,https://clerk.house.gov/xml/lists/MemberData.xml,Not published by official source
congressional,1,Jonathan L. Jackson,phone,value,(202) 225-4372,https://clerk.house.gov/xml/lists/MemberData.xml,
congressional,1,Jonathan L. Jackson,address,value,"1632 LHOB Washington, DC 20515",https://clerk.house.gov/xml/lists/MemberData.xml,
congressional,1,Jonathan L. Jackson,photo,unavailable,,https://clerk.house.gov/xml/lists/MemberData.xml,Not published by official source
congressional,8,Raja Krishnamoorthi,name,value,Raja Krishnamoorthi,https://clerk.house.gov/xml/lists/MemberData.xml,
congressional,8,Raja Krishnamoorthi,email,unavailable,,https://clerk.house.gov/xml/lists/MemberData.xml,Not published by official source
congressional,8,Raja Krishnamoorthi,phone,value,(202) 225-3711,https://clerk.house.gov/xml/lists/MemberData.xml,
congressional,8,Raja Krishnamoorthi,address,value,"2367 RHOB Washington, DC 20515",https://clerk.house.gov/xml/lists/MemberData.xml,
congressional,8,Raja Krishnamoorthi,photo,unavailable,,https://clerk.house.gov/xml/lists/MemberData.xml,Not published by official source
congressional,14,Lauren Underwood,name,value,Lauren Underwood,https://clerk.house.gov/xml/lists/MemberData.xml,
congressional,14,Lauren Underwood,email,unavailable,,https://clerk.house.gov/xml/lists/MemberData.xml,Not published by official source
congressional,14,Lauren Underwood,phone,value,(202) 225-2976,https://clerk.house.gov/xml/lists/MemberData.xml,
congressional,14,Lauren Underwood,address,value,"2228 RHOB Washington, DC 20515",https://clerk.house.gov/xml/lists/MemberData.xml,
congressional,14,Lauren Underwood,photo,unavailable,,https://clerk.house.gov/xml/lists/MemberData.xml,Not published by official source
congressional,16,Darin LaHood,name,value,Darin LaHood,https://clerk.house.gov/xml/lists/MemberData.xml,
congressional,16,Darin LaHood,email,unavailable,,https://clerk.house.gov/xml/lists/MemberData.xml,Not published by official source
congressional,16,Darin LaHood,phone,value,(202) 225-6201,https://clerk.house.gov/xml/lists/MemberData.xml,
congressional,16,Darin LaHood,address,value,"503 CHOB Washington, DC 20515",https://clerk.house.gov/xml/lists/MemberData.xml,
congressional,16,Darin LaHood,photo,unavailable,,https://clerk.house.gov/xml/lists/MemberData.xml,Not published by official source
congressional,5,Mike Quigley,name,value,Mike Quigley,https://clerk.house.gov/xml/lists/MemberData.xml,
congressional,5,Mike Quigley,email,unavailable,,https://clerk.house.gov/xml/lists/MemberData.xml,Not published by official source
congressional,5,Mike Quigley,phone,value,(202) 225-4061,https://clerk.house.gov/xml/lists/MemberData.xml,
congressional,5,Mike Quigley,address,value,"2083 RHOB Washington, DC 20515",https://clerk.house.gov/xml/lists/MemberData.xml,
congressional,5,Mike Quigley,photo,unavailable,,https://clerk.house.gov/xml/lists/MemberData.xml,Not published by official source
congressional,12,Mike Bost,name,value,Mike Bost,https://clerk.house.gov/xml/lists/MemberData.xml,
congressional,12,Mike Bost,email,unavailable,,https://clerk.house.gov/xml/lists/MemberData.xml,Not published by official source
congressional,12,Mike Bost,phone,value,(202) 225-5661,https://clerk.house.gov/xml/lists/MemberData.xml,
congressional,12,Mike Bost,address,value,"352 CHOB Washington, DC 20515",https://clerk.house.gov/xml/lists/MemberData.xml,
congressional,12,Mike Bost,photo,unavailable,,https://clerk.house.gov/xml/lists/MemberData.xml,Not published by official source
congressional,6,Sean Casten,name,value,Sean Casten,https://clerk.house.gov/xml/lists/MemberData.xml,
congressional,6,Sean Casten,email,unavailable,,https://clerk.house.gov/xml/lists/MemberData.xml,Not published by official source
congressional,6,Sean Casten,phone,value,(202) 225-4561,https://clerk.house.gov/xml/lists/MemberData.xml,
congressional,6,Sean Casten,address,value,"2440 RHOB Washington, DC 20515",https://clerk.house.gov/xml/lists/MemberData.xml,
congressional,6,Sean Casten,photo,unavailable,,https://clerk.house.gov/xml/lists/MemberData.xml,Not published by official source
congressional,17,Eric Sorensen,name,value,Eric Sorensen,https://clerk.house.gov/xml/lists/MemberData.xml,
congressional,17,Eric Sorensen,email,unavailable,,https://clerk.house.gov/xml/lists/MemberData.xml,Not published by official source
congressional,17,Eric Sorensen,phone,value,(202) 225-5905,https://clerk.house.gov/xml/lists/MemberData.xml,
congressional,17,Eric Sorensen,address,value,"1314 LHOB Washington, DC 20515",https://clerk.house.gov/xml/lists/MemberData.xml,
congressional,17,Eric Sorensen,photo,unavailable,,https://clerk.house.gov/xml/lists/MemberData.xml,Not published by official source
congressional,15,Mary E. Miller,name,value,Mary E. Miller,https://clerk.house.gov/xml/lists/MemberData.xml,
congressional,15,Mary E. Miller,email,unavailable,,https://clerk.house.gov/xml/lists/MemberData.xml,Not published by official source
congressional,15,Mary E. Miller,phone,value,(202) 225-5271,https://clerk.house.gov/xml/lists/MemberData.xml,
congressional,15,Mary E. Miller,address,value,"1740 LHOB Washington, DC 20515",https://clerk.house.gov/xml/lists/MemberData.xml,
congressional,15,Mary E. Miller,photo,unavailable,,https://clerk.house.gov/xml/lists/MemberData.xml,Not published by official source
congressional,4,"Jesús G. ""Chuy"" García",name,value,"Jesús G. ""Chuy"" García",https://clerk.house.gov/xml/lists/MemberData.xml,
congressional,4,"Jesús G. ""Chuy"" García",email,unavailable,,https://clerk.house.gov/xml/lists/MemberData.xml,Not published by official source
congressional,4,"Jesús G. ""Chuy"" García",phone,value,(202) 225-8203,https://clerk.house.gov/xml/lists/MemberData.xml,
congressional,4,"Jesús G. ""Chuy"" García",address,value,"2334 RHOB Washington, DC 20515",https://clerk.house.gov/xml/lists/MemberData.xml,
congressional,4,"Jesús G. ""Chuy"" García",photo,unavailable,,https://clerk.house.gov/xml/lists/MemberData.xml,Not published by official source
congressional,2,Robin L. Kelly,name,value,Robin L. Kelly,https://clerk.house.gov/xml/lists/MemberData.xml,
congressional,2,Robin L. Kelly,email,unavailable,,https://clerk.house.gov/xml/lists/MemberData.xml,Not published by official source
congressional,2,Robin L. Kelly,phone,value,(202) 225-0773,https://clerk.house.gov/xml/lists/MemberData.xml,
congressional,2,Robin L. Kelly,address,value,"2329 RHOB Washington, DC 20515",https://clerk.house.gov/xml/lists/MemberData.xml,
congressional,2,Robin L. Kelly,photo,unavailable,,https://clerk.house.gov/xml/lists/MemberData.xml,Not published by official source
congressional,10,Bradley Scott Schneider,name,value,Bradley Scott Schneider,https://clerk.house.gov/xml/lists/MemberData.xml,
congressional,10,Bradley Scott Schneider,email,unavailable,,https://clerk.house.gov/xml/lists/MemberData.xml,Not published by official source
congressional,10,Bradley Scott Schneider,phone,value,(202) 225-4835,https://clerk.house.gov/xml/lists/MemberData.xml,
congressional,10,Bradley Scott Schneider,address,value,"300 CHOB Washington, DC 20515",https://clerk.house.gov/xml/lists/MemberData.xml,
congressional,10,Bradley Scott Schneider,photo,unavailable,,https://clerk.house.gov/xml/lists/MemberData.xml,Not published by official source
congressional,7,Danny K. Davis,name,value,Danny K. Davis,https://clerk.house.gov/xml/lists/MemberData.xml,
congressional,7,Danny K. Davis,email,unavailable,,https://clerk.house.gov/xml/lists/MemberData.xml,Not published by official source
congressional,7,Danny K. Davis,phone,value,(202) 225-5006,https://clerk.house.gov/xml/lists/MemberData.xml,
congressional,7,Danny K. Davis,address,value,"2159 RHOB Washington, DC 20515",https://clerk.house.gov/xml/lists/MemberData.xml,
congressional,7,Danny K. Davis,photo,unavailable,,https://clerk.house.gov/xml/lists/MemberData.xml,Not published by official source
congressional,11,Bill Foster,name,value,Bill Foster,https://clerk.house.gov/xml/lists/MemberData.xml,
congressional,11,Bill Foster,email,unavailable,,https://clerk.house.gov/xml/lists/MemberData.xml,Not published by official source
congressional,11,Bill Foster,phone,value,(202) 225-3515,https://clerk.house.gov/xml/lists/MemberData.xml,
congressional,11,Bill Foster,address,value,"2366 RHOB Washington, DC 20515",https://clerk.house.gov/xml/lists/MemberData.xml,
congressional,11,Bill Foster,photo,unavailable,,https://clerk.house.gov/xml/lists/MemberData.xml,Not published by official source
illinoisHouse,1,Aarón M. Ortíz,name,value,Aarón M. Ortíz,http://www.ilga.gov/House/Members/rptMemberList,
illinoisHouse,1,Aarón M. Ortíz,email,value,district@repaaronortiz.com,http://www.ilga.gov/House/Members/rptMemberList,
illinoisHouse,1,Aarón M. Ortíz,phone,value,(773) 236-0117,http://www.ilga.gov/House/Members/rptMemberList,
illinoisHouse,1,Aarón M. Ortíz,address,value,4374 S. Archer Ave. Chicago IL 60632,http://www.ilga.gov/House/Members/rptMemberList,
illinoisHouse,1,Aarón M. Ortíz,photo,unavailable,,http://www.ilga.gov/House/Members/Details/3358,Not published by official source
illinoisHouse,2,"Elizabeth ""Lisa"" Hernandez",name,value,"Elizabeth ""Lisa"" Hernandez",http://www.ilga.gov/House/Members/rptMemberList,
illinoisHouse,2,"Elizabeth ""Lisa"" Hernandez",email,value,office@repehernandez.com,http://www.ilga.gov/House/Members/rptMemberList,
illinoisHouse,2,"Elizabeth ""Lisa"" Hernandez",phone,value,(708) 222-5241,http://www.ilga.gov/House/Members/rptMemberList,
illinoisHouse,2,"Elizabeth ""Lisa"" Hernandez",address,value,6117 West Cermak Road Cicero IL 60804,http://www.ilga.gov/House/Members/rptMemberList,
illinoisHouse,2,"Elizabeth ""Lisa"" Hernandez",photo,unavailable,,http://www.ilga.gov/House/Members/Details/3273,Not published by official source
illinoisHouse,3,Eva-Dina Delgado,name,value,Eva-Dina Delgado,http://www.ilga.gov/House/Members/rptMemberList,
illinoisHouse,3,Eva-Dina Delgado,email,value,Evadina@staterepdelgado.com,http://www.ilga.gov/House/Members/rptMemberList,
illinoisHouse,3,Eva-Dina Delgado,phone,value,(773) 237-4558,http://www.ilga.gov/House/Members/rptMemberList,
illinoisHouse,3,Eva-Dina Delgado,address,value,6309 W. Belmont Ave. Chicago IL 60634,http://www.ilga.gov/House/Members/rptMemberList,
illinoisHouse,3,Eva-Dina Delgado,photo,unavailable,,http://www.ilga.gov/House/Members/Details/3373,Not published by official source
illinoisHouse,4,Lilian Jiménez,name,value,Lilian Jiménez,http://www.ilga.gov/House/Members/rptMemberList,
illinoisHouse,4,Lilian Jiménez,email,unavailable,,http://www.ilga.gov/House/Members/rptMemberList,Not published by official source
illinoisHouse,4,Lilian Jiménez,phone,value,(773) 337-9995,http://www.ilga.gov/House/Members/rptMemberList,
illinoisHouse,4,Lilian Jiménez,address,value,"4th District 290-S Stratton Office Building Springfield, IL 62706 2511 W Division St Chicago IL 60622",http://www.ilga.gov/House/Members/rptMemberList,
illinoisHouse,4,Lilian Jiménez,photo,unavailable,,http://www.ilga.gov/House/Members/Details/3417,Not published by official source
illinoisHouse,5,Kimberly Du Buclet,name,value,Kimberly Du Buclet,http://www.ilga.gov/House/Members/rptMemberList,
illinoisHouse,5,Kimberly Du Buclet,email,value,rep5information@gmail.com,http://www.ilga.gov/House/Members/rptMemberList,
illinoisHouse,5,Kimberly Du Buclet,phone,value,(773) 924-4652,http://www.ilga.gov/House/Members/rptMemberList,
illinoisHouse,5,Kimberly Du Buclet,address,value,5048 S. Indiana Ave. Chicago IL 60615,http://www.ilga.gov/House/Members/rptMemberList,
illinoisHouse,5,Kimberly Du Buclet,photo,unavailable,,http://www.ilga.gov/House/Members/Details/3441,Not published by official source
illinoisHouse,6,Sonya M. Harper,name,value,Sonya M. Harper,http://www.ilga.gov/House/Members/rptMemberList,
illinoisHouse,6,Sonya M. Harper,email,value,repsonyaharper@gmail.com,http://www.ilga.gov/House/Members/rptMemberList,
illinoisHouse,6,Sonya M. Harper,phone,value,(773) 925-6584,http://www.ilga.gov/House/Members/rptMemberList,
illinoisHouse,6,Sonya M. Harper,address,value,2015 W 63rd St Chicago IL 60636,http://www.ilga.gov/House/Members/rptMemberList,
illinoisHouse,6,Sonya M. Harper,photo,unavailable,,http://www.ilga.gov/House/Members/Details/3314,Not published by official source
illinoisHouse,7,"Emanuel ""Chris"" Welch",name,value,"Emanuel ""Chris"" Welch",http://www.ilga.gov/House/Members/rptMemberList,
illinoisHouse,7,"Emanuel ""Chris"" Welch",email,unavailable,,http://www.ilga.gov/House/Members/rptMemberList,Not published by official source
illinoisHouse,7,"Emanuel ""Chris"" Welch",phone,value,(708) 450-1104,http://www.ilga.gov/House/Members/rptMemberList,
illinoisHouse,7,"Emanuel ""Chris"" Welch",address,value,"7th District 300 Capitol Building Springfield, IL 62706 10055 W. Roosevelt Rd. Suite E Westchester IL 60154",http://www.ilga.gov/House/Members/rptMemberList,
illinoisHouse,7,"Emanuel ""Chris"" Welch",photo,unavailable,,http://www.ilga.gov/House/Members/Details/3298,Not published by official source
illinoisHouse,8,La Shawn K. Ford,name,value,La Shawn K. Ford,http://www.ilga.gov/House/Members/rptMemberList,
illinoisHouse,8,La Shawn K. Ford,email,value,repford@lashawnford.com,http://www.ilga.gov/House/Members/rptMemberList,
illinoisHouse,8,La Shawn K. Ford,phone,value,(773) 750-0866,http://www.ilga.gov/House/Members/rptMemberList,
illinoisHouse,8,La Shawn K. Ford,address,value,5500 W. Madison Street Chicago IL 60644,http://www.ilga.gov/House/Members/rptMemberList,
illinoisHouse,8,La Shawn K. Ford,photo,unavailable,,http://www.ilga.gov/House/Members/Details/3272,Not published by official source
illinoisHouse,9,Yolonda Morris,name,value,Yolonda Morris,http://www.ilga.gov/House/Members/rptMemberList,
illinoisHouse,9,Yolonda Morris,email,value,9thDistrictInfo@gmail.com,http://www.ilga.gov/House/Members/rptMemberList,
illinoisHouse,9,Yolonda Morris,phone,value,(773) 565-4005,http://www.ilga.gov/House/Members/rptMemberList,
illinoisHouse,9,Yolonda Morris,address,value,4325-27 W. Roosevelt Rd Chicago IL 60624,http://www.ilga.gov/House/Members/rptMemberList,
illinoisHouse,9,Yolonda Morris,photo,unavailable,,http://www.ilga.gov/House/Members/Details/3444,Not published by official source
illinoisHouse,10,Jawaharial Williams,name,value,Jawaharial Williams,http://www.ilga.gov/House/Members/rptMemberList,
illinoisHouse,10,Jawaharial Williams,email,value,RepWilliamsOffice@gmail.com,http://www.ilga.gov/House/Members/rptMemberList,
illinoisHouse,10,Jawaharial Williams,phone,value,(312) 265-1019,http://www.ilga.gov/House/Members/rptMemberList,
illinoisHouse,10,Jawaharial Williams,address,value,2532 W. Warren Blvd. Suite A Chicago IL 60612,http://www.ilga.gov/House/Members/rptMemberList,
illinoisHouse,10,Jawaharial Williams,photo,unavailable,,http://www.ilga.gov/House/Members/Details/3368,Not published by official source
illinoisHouse,11,Ann M. Williams,name,value,Ann M. Williams,http://www.ilga.gov/House/Members/rptMemberList,
illinoisHouse,11,Ann M. Williams,email,value,ann@repannwilliams.com,http://www.ilga.gov/House/Members/rptMemberList,
illinoisHouse,11,Ann M. Williams,phone,value,(773) 880-9083,http://www.ilga.gov/House/Members/rptMemberList,
illinoisHouse,11,Ann M. Williams,address,value,3505 N Ashland Ave Unit B Chicago IL 60657,http://www.ilga.gov/House/Members/rptMemberList,
illinoisHouse,11,Ann M. Williams,photo,unavailable,,http://www.ilga.gov/House/Members/Details/3286,Not published by official source
illinoisHouse,12,Margaret Croke,name,value,Margaret Croke,http://www.ilga.gov/House/Members/rptMemberList,
illinoisHouse,12,Margaret Croke,email,value,info@repcroke.com,http://www.ilga.gov/House/Members/rptMemberList,
illinoisHouse,12,Margaret Croke,phone,value,(773) 348-8974,http://www.ilga.gov/House/Members/rptMemberList,
illinoisHouse,12,Margaret Croke,address,value,3223 N. Sheffield Ave. Suite A Chicago IL 60657,http://www.ilga.gov/House/Members/rptMemberList,
illinoisHouse,12,Margaret Croke,photo,unavailable,,http://www.ilga.gov/House/Members/Details/3384,Not published by official source
illinoisHouse,13,Hoan Huynh,name,value,Hoan Huynh,http://www.ilga.gov/House/Members/rptMemberList,
illinoisHouse,13,Hoan Huynh,email,value,hello@rephoanhuynh.com,http://www.ilga.gov/House/Members/rptMemberList,
illinoisHouse,13,Hoan Huynh,phone,value,(773) 348-3475,http://www.ilga.gov/House/Members/rptMemberList,
illinoisHouse,13,Hoan Huynh,address,value,5025 N. Broadway First Floor Chicago IL 60640,http://www.ilga.gov/House/Members/rptMemberList,
illinoisHouse,13,Hoan Huynh,photo,unavailable,,http://www.ilga.gov/House/Members/Details/3418,Not published by official source
illinoisHouse,14,Kelly M. Cassidy,name,value,Kelly M. Cassidy,http://www.ilga.gov/House/Members/rptMemberList,
illinoisHouse,14,Kelly M. Cassidy,email,value,info@repcassidy.com,http://www.ilga.gov/House/Members/rptMemberList,
illinoisHouse,14,Kelly M. Cassidy,phone,value,(773) 784-2002,http://www.ilga.gov/House/Members/rptMemberList,
illinoisHouse,14,Kelly M. Cassidy,address,value,1507 W. Morse Ave. Chicago IL 60626,http://www.ilga.gov/House/Members/rptMemberList,
illinoisHouse,14,Kelly M. Cassidy,photo,unavailable,,http://www.ilga.gov/House/Members/Details/3288,Not published by official source
illinoisHouse,15,Michael J. Kelly,name,value,Michael J. Kelly,http://www.ilga.gov/House/Members/rptMemberList,
illinoisHouse,15,Michael J. Kelly,email,value,district@repkelly.com,http://www.ilga.gov/House/Members/rptMemberList,
illinoisHouse,15,Michael J. Kelly,phone,value,(773) 736-0218,http://www.ilga.gov/House/Members/rptMemberList,
illinoisHouse,15,Michael J. Kelly,address,value,4200 W. Lawrence Ave. Chicago IL 60630,http://www.ilga.gov/House/Members/rptMemberList,
illinoisHouse,15,Michael J. Kelly,photo,unavailable,,http://www.ilga.gov/House/Members/Details/3402,Not published by official source
illinoisHouse,16,Kevin John Olickal,name,value,Kevin John Olickal,http://www.ilga.gov/House/Members/rptMemberList,
illinoisHouse,16,Kevin John Olickal,email,value,info@repkevinolickal.com,http://www.ilga.gov/House/Members/rptMemberList,
illinoisHouse,16,Kevin John Olickal,phone,value,(847) 673-1131,http://www.ilga.gov/House/Members/rptMemberList,
illinoisHouse,16,Kevin John Olickal,address,value,3851 W. Devon Ave. Chicago IL 60659,http://www.ilga.gov/House/Members/rptMemberList,
illinoisHouse,16,Kevin John Olickal,photo,unavailable,,http://www.ilga.gov/House/Members/Details/3419,Not published by official source
illinoisHouse,17,Jennifer Gong-Gershowitz,name,value,Jennifer Gong-Gershowitz,http://www.ilga.gov/House/Members/rptMemberList,
illinoisHouse,17,Jennifer Gong-Gershowitz,email,value,info@gonggershowitz.com,http://www.ilga.gov/House/Members/rptMemberList,
illinoisHouse,17,Jennifer Gong-Gershowitz,phone,value,(847) 486-8810,http://www.ilga.gov/House/Members/rptMemberList,
illinoisHouse,17,Jennifer Gong-Gershowitz,address,value,1812 Waukegan Road Suite B Glenview IL 60025,http://www.ilga.gov/House/Members/rptMemberList,
illinoisHouse,17,Jennifer Gong-Gershowitz,photo,unavailable,,http://www.ilga.gov/House/Members/Details/3352,Not published by official source
illinoisHouse,18,Robyn Gabel,name,value,Robyn Gabel,http://www.ilga.gov/House/Members/rptMemberList,
illinoisHouse,18,Robyn Gabel,email,value,Contact@robyngabel.com,http://www.ilga.gov/House/Members/rptMemberList,
illinoisHouse,18,Robyn Gabel,phone,value,(847) 424-5401,http://www.ilga.gov/House/Members/rptMemberList,
illinoisHouse,18,Robyn Gabel,address,value,909 Davis St 2nd floor Evanston IL 60201,http://www.ilga.gov/House/Members/rptMemberList,
illinoisHouse,18,Robyn Gabel,photo,unavailable,,http://www.ilga.gov/House/Members/Details/3278,Not published by official source
illinoisHouse,19,Lindsey LaPointe,name,value,Lindsey LaPointe,http://www.ilga.gov/House/Members/rptMemberList,
illinoisHouse,19,Lindsey LaPointe,email,value,info@replapointe.com,http://www.ilga.gov/House/Members/rptMemberList,
illinoisHouse,19,Lindsey LaPointe,phone,value,(773) 647-1174,http://www.ilga.gov/House/Members/rptMemberList,
illinoisHouse,19,Lindsey LaPointe,address,value,4349 N. Milwaukee Ave. Suite 2 Chicago IL 60641,http://www.ilga.gov/House/Members/rptMemberList,
illinoisHouse,19,Lindsey LaPointe,photo,unavailable,,http://www.ilga.gov/House/Members/Details/3371,Not published by official source
illinoisHouse,20,Brad Stephens,name,value,Brad Stephens,http://www.ilga.gov/House/Members/rptMemberList,
illinoisHouse,20,Brad Stephens,email,value,stephens@ilhousegop.org,http://www.ilga.gov/House/Members/rptMemberList,
illinoisHouse,20,Brad Stephens,phone,value,(773) 444-0611,http://www.ilga.gov/House/Members/rptMemberList,
illinoisHouse,20,Brad Stephens,address,value,8323 W. Lawrence Ave Suite D Norridge IL 60706,http://www.ilga.gov/House/Members/rptMemberList,
illinoisHouse,20,Brad Stephens,photo,unavailable,,http://www.ilga.gov/House/Members/Details/3370,Not published by official source
illinoisHouse,21,Abdelnasser Rashid,name,value,Abdelnasser Rashid,http://www.ilga.gov/House/Members/rptMemberList,
illinoisHouse,21,Abdelnasser Rashid,email,value,office@reprashid.com,http://www.ilga.gov/House/Members/rptMemberList,
illinoisHouse,21,Abdelnasser Rashid,phone,value,(708) 956-7563,http://www.ilga.gov/House/Members/rptMemberList,
illinoisHouse,21,Abdelnasser Rashid,address,value,6901 W. Cermak Road Berwyn IL 60402,http://www.ilga.gov/House/Members/rptMemberList,
illinoisHouse,21,Abdelnasser Rashid,photo,unavailable,,http://www.ilga.gov/House/Members/Details/3420,Not published by official source
illinoisHouse,22,Angelica Guerrero-Cuellar,name,value,Angelica Guerrero-Cuellar,http://www.ilga.gov/House/Members/rptMemberList,
illinoisHouse,22,Angelica Guerrero-Cuellar,email,value,angieguerrerocuellar22@gmail.com,http://www.ilga.gov/House/Members/rptMemberList,
illinoisHouse,22,Angelica Guerrero-Cuellar,phone,value,(773) 581-8000,http://www.ilga.gov/House/Members/rptMemberList,
illinoisHouse,22,Angelica Guerrero-Cuellar,address,value,6500 South Pulaski Road Chicago IL 60629,http://www.ilga.gov/House/Members/rptMemberList,
illinoisHouse,22,Angelica Guerrero-Cuellar,photo,unavailable,,http://www.ilga.gov/House/Members/Details/3400,Not published by official source
illinoisHouse,23,"Edgar González, Jr.",name,value,"Edgar González, Jr.",http://www.ilga.gov/House/Members/rptMemberList,
illinoisHouse,23,"Edgar González, Jr.",email,value,office@repedgargonzalez.com,http://www.ilga.gov/House/Members/rptMemberList,
illinoisHouse,23,"Edgar González, Jr.",phone,value,(708) 295-9159,http://www.ilga.gov/House/Members/rptMemberList,
illinoisHouse,23,"Edgar González, Jr.",address,value,3202 W. 26th St. Chicago IL 60623,http://www.ilga.gov/House/Members/rptMemberList,
illinoisHouse,23,"Edgar González, Jr.",photo,unavailable,,http://www.ilga.gov/House/Members/Details/3374,Not published by official source
illinoisHouse,24,Theresa Mah,name,value,Theresa Mah,http://www.ilga.gov/House/Members/rptMemberList,
illinoisHouse,24,Theresa Mah,email,value,office@reptheresamah.com,http://www.ilga.gov/House/Members/rptMemberList,
illinoisHouse,24,Theresa Mah,phone,value,(872) 281-5775,http://www.ilga.gov/House/Members/rptMemberList,
illinoisHouse,24,Theresa Mah,address,value,2108 W. 35th St. Chicago IL 60609,http://www.ilga.gov/House/Members/rptMemberList,
illinoisHouse,24,Theresa Mah,photo,unavailable,,http://www.ilga.gov/House/Members/Details/3321,Not published by official source
illinoisHouse,25,"Curtis J. Tarver, II",name,value,"Curtis J. Tarver, II",http://www.ilga.gov/House/Members/rptMemberList,
illinoisHouse,25,"Curtis J. Tarver, II",email,unavailable,,http://www.ilga.gov/House/Members/rptMemberList,Not published by official source
illinoisHouse,25,"Curtis J. Tarver, II",phone,value,(773) 363-8870,http://www.ilga.gov/House/Members/rptMemberList,
illinoisHouse,25,"Curtis J. Tarver, II",address,value,"25th District 521-B Stratton Office Building Springfield, IL 62706 1303 E. 53rd St. Chicago IL 60615",http://www.ilga.gov/House/Members/rptMemberList,
illinoisHouse,25,"Curtis J. Tarver, II",photo,unavailable,,http://www.ilga.gov/House/Members/Details/3355,Not published by official source
illinoisHouse,26,Kam Buckner,name,value,Kam Buckner,http://www.ilga.gov/House/Members/rptMemberList,
illinoisHouse,26,Kam Buckner,email,value,Buckner@illinois26.com,http://www.ilga.gov/House/Members/rptMemberList,
illinoisHouse,26,Kam Buckner,phone,value,(773) 924-1775,http://www.ilga.gov/House/Members/rptMemberList,
illinoisHouse,26,Kam Buckner,address,value,449 E. 35th Street Chicago IL 60616,http://www.ilga.gov/House/Members/rptMemberList,
illinoisHouse,26,Kam Buckner,photo,unavailable,,http://www.ilga.gov/House/Members/Details/3366,Not published by official source
illinoisHouse,27,Justin Slaughter,name,value,Justin Slaughter,http://www.ilga.gov/House/Members/rptMemberList,
illinoisHouse,27,Justin Slaughter,email,value,justin@repslaughter.com,http://www.ilga.gov/House/Members/rptMemberList,
illinoisHouse,27,Justin Slaughter,phone,value,(773) 445-9700,http://www.ilga.gov/House/Members/rptMemberList,
illinoisHouse,27,Justin Slaughter,address,value,1234 W. 95th St. Chicago IL 60643,http://www.ilga.gov/House/Members/rptMemberList,
illinoisHouse,27,Justin Slaughter,photo,unavailable,,http://www.ilga.gov/House/Members/Details/3320,Not published by official source
illinoisHouse,28,"Robert ""Bob"" Rita",name,value,"Robert ""Bob"" Rita",http://www.ilga.gov/House/Members/rptMemberList,
illinoisHouse,28,"Robert ""Bob"" Rita",email,unavailable,,http://www.ilga.gov/House/Members/rptMemberList,Not published by official source
illinoisHouse,28,"Robert ""Bob"" Rita",phone,value,(708) 396-2898,http://www.ilga.gov/House/Members/rptMemberList,
illinoisHouse,28,"Robert ""Bob"" Rita",address,value,"28th District 109 Capitol Building Springfield, IL 62706 2355 West York Street Suite 1 Blue Island IL 60406",http://www.ilga.gov/House/Members/rptMemberList,
illinoisHouse,28,"Robert ""Bob"" Rita",photo,unavailable,,http://www.ilga.gov/House/Members/Details/3267,Not published by official source
illinoisHouse,29,Thaddeus Jones,name,value,Thaddeus Jones,http://www.ilga.gov/House/Members/rptMemberList,
illinoisHouse,29,Thaddeus Jones,email,value,repjones.jones@gmail.com,http://www.ilga.gov/House/Members/rptMemberList,
illinoisHouse,29,Thaddeus Jones,phone,value,(708) 596-7062,http://www.ilga.gov/House/Members/rptMemberList,
illinoisHouse,29,Thaddeus Jones,address,value,15525 South Park Ave. Suite 104 South Holland IL 60473,http://www.ilga.gov/House/Members/rptMemberList,
illinoisHouse,29,Thaddeus Jones,photo,unavailable,,http://www.ilga.gov/House/Members/Details/3283,Not published by official source
illinoisHouse,30,"William ""Will"" Davis",name,value,"William ""Will"" Davis",http://www.ilga.gov/House/Members/rptMemberList,
illinoisHouse,30,"William ""Will"" Davis",email,value,williamd@ilga.gov,http://www.ilga.gov/House/Members/rptMemberList,
illinoisHouse,30,"William ""Will"" Davis",phone,value,(708) 799-7377,http://www.ilga.gov/House/Members/rptMemberList,
illinoisHouse,30,"William ""Will"" Davis",address,value,1912 W. 174th Street East Hazel Crest IL 60429,http://www.ilga.gov/House/Members/rptMemberList,
illinoisHouse,30,"William ""Will"" Davis",photo,unavailable,,http://www.ilga.gov/House/Members/Details/3266,Not published by official source
illinoisHouse,31,Michael Crawford,name,value,Michael Crawford,http://www.ilga.gov/House/Members/rptMemberList,
illinoisHouse,31,Michael Crawford,email,value,districtdirector31@gmail.com,http://www.ilga.gov/House/Members/rptMemberList,
illinoisHouse,31,Michael Crawford,phone,value,(872) 267-7384,http://www.ilga.gov/House/Members/rptMemberList,
illinoisHouse,31,Michael Crawford,address,value,8620 S. Pulaski Rd Chicago IL 60652,http://www.ilga.gov/House/Members/rptMemberList,
illinoisHouse,31,Michael Crawford,photo,unavailable,,http://www.ilga.gov/House/Members/Details/3452,Not published by official source
illinoisHouse,32,Lisa Davis,name,value,Lisa Davis,http://www.ilga.gov/House/Members/rptMemberList,
illinoisHouse,32,Lisa Davis,email,value,districtdirector32@gmail.com,http://www.ilga.gov/House/Members/rptMemberList,
illinoisHouse,32,Lisa Davis,phone,value,(872) 267-7915,http://www.ilga.gov/House/Members/rptMemberList,
illinoisHouse,32,Lisa Davis,address,value,8620 S. Pulaski Road Chicago IL 60652,http://www.ilga.gov/House/Members/rptMemberList,
illinoisHouse,32,Lisa Davis,photo,unavailable,,http://www.ilga.gov/House/Members/Details/3458,Not published by official source
illinoisHouse,33,"Marcus C. Evans, Jr.",name,value,"Marcus C. Evans, Jr.",http://www.ilga.gov/House/Members/rptMemberList,
illinoisHouse,33,"Marcus C. Evans, Jr.",email,value,office@repevans.com,http://www.ilga.gov/House/Members/rptMemberList,
illinoisHouse,33,"Marcus C. Evans, Jr.",phone,value,(773) 783-8492,http://www.ilga.gov/House/Members/rptMemberList,
illinoisHouse,33,"Marcus C. Evans, Jr.",address,value,8500 S. Stony Island Ave. Chicago IL 60617,http://www.ilga.gov/House/Members/rptMemberList,
illinoisHouse,33,"Marcus C. Evans, Jr.",photo,unavailable,,http://www.ilga.gov/House/Members/Details/3289,Not published by official source
illinoisHouse,34,Nicholas K. Smith,name,value,Nicholas K. Smith,http://www.ilga.gov/House/Members/rptMemberList,
illinoisHouse,34,Nicholas K. Smith,email,value,repsmith34@gmail.com,http://www.ilga.gov/House/Members/rptMemberList,
illinoisHouse,34,Nicholas K. Smith,phone,value,(773) 783-8800,http://www.ilga.gov/House/Members/rptMemberList,
illinoisHouse,34,Nicholas K. Smith,address,value,113 E. 95th Street Suite A Chicago IL 60619,http://www.ilga.gov/House/Members/rptMemberList,
illinoisHouse,34,Nicholas K. Smith,photo,unavailable,,http://www.ilga.gov/House/Members/Details/3332,Not published by official source
illinoisHouse,35,Mary Gill,name,value,Mary Gill,http://www.ilga.gov/House/Members/rptMemberList,
illinoisHouse,35,Mary Gill,email,value,repmarygill@gmail.com,http://www.ilga.gov/House/Members/rptMemberList,
illinoisHouse,35,Mary Gill,phone,value,(773) 672-5144,http://www.ilga.gov/House/Members/rptMemberList,
illinoisHouse,35,Mary Gill,address,value,10400 S. Western Ave. Chicago IL 60643,http://www.ilga.gov/House/Members/rptMemberList,
illinoisHouse,35,Mary Gill,photo,unavailable,,http://www.ilga.gov/House/Members/Details/3440,Not published by official source
illinoisHouse,36,Rick Ryan,name,value,Rick Ryan,http://www.ilga.gov/House/Members/rptMemberList,
illinoisHouse,36,Rick Ryan,email,value,RyanRep36@gmail.com,http://www.ilga.gov/House/Members/rptMemberList,
illinoisHouse,36,Rick Ryan,phone,value,(708) 682-4880,http://www.ilga.gov/House/Members/rptMemberList,
illinoisHouse,36,Rick Ryan,address,value,"3900 W 95th St, Unit 7A Evergreen Park IL 60805",http://www.ilga.gov/House/Members/rptMemberList,
illinoisHouse,36,Rick Ryan,photo,unavailable,,http://www.ilga.gov/House/Members/Details/3457,Not published by official source
illinoisHouse,37,Patrick Sheehan,name,value,Patrick Sheehan,http://www.ilga.gov/House/Members/rptMemberList,
illinoisHouse,37,Patrick Sheehan,email,value,sheehan@ilhousegop.org,http://www.ilga.gov/House/Members/rptMemberList,
illinoisHouse,37,Patrick Sheehan,phone,value,(708) 694-2032,http://www.ilga.gov/House/Members/rptMemberList,
illinoisHouse,37,Patrick Sheehan,address,value,15746 S. Bell Rd Homer Glen IL 60491,http://www.ilga.gov/House/Members/rptMemberList,
illinoisHouse,37,Patrick Sheehan,photo,unavailable,,http://www.ilga.gov/House/Members/Details/3448,Not published by official source
illinoisHouse,38,Debbie Meyers-Martin,name,value,Debbie Meyers-Martin,http://www.ilga.gov/House/Members/rptMemberList,
illinoisHouse,38,Debbie Meyers-Martin,email,value,StateRepDebbiemm@gmail.com,http://www.ilga.gov/House/Members/rptMemberList,
illinoisHouse,38,Debbie Meyers-Martin,phone,value,(708) 833-7010,http://www.ilga.gov/House/Members/rptMemberList,
illinoisHouse,38,Debbie Meyers-Martin,address,value,813 School Avenue Matteson IL 60443,http://www.ilga.gov/House/Members/rptMemberList,
illinoisHouse,38,Debbie Meyers-Martin,photo,unavailable,,http://www.ilga.gov/House/Members/Details/3350,Not published by official source
illinoisHouse,39,Will Guzzardi,name,value,Will Guzzardi,http://www.ilga.gov/House/Members/rptMemberList,
illinoisHouse,39,Will Guzzardi,email,value,will@repguzzardi.com,http://www.ilga.gov/House/Members/rptMemberList,
illinoisHouse,39,Will Guzzardi,phone,value,(773) 853-2570,http://www.ilga.gov/House/Members/rptMemberList,
illinoisHouse,39,Will Guzzardi,address,value,3001 N. Central Park Ave Chicago IL 60618,http://www.ilga.gov/House/Members/rptMemberList,
illinoisHouse,39,Will Guzzardi,photo,unavailable,,http://www.ilga.gov/House/Members/Details/3311,Not published by official source
illinoisHouse,40,"Jaime M. Andrade, Jr.",name,value,"Jaime M. Andrade, Jr.",http://www.ilga.gov/House/Members/rptMemberList,
illinoisHouse,40,"Jaime M. Andrade, Jr.",email,value,info@staterep40.com,http://www.ilga.gov/House/Members/rptMemberList,
illinoisHouse,40,"Jaime M. Andrade, Jr.",phone,value,(773) 267-2840,http://www.ilga.gov/House/Members/rptMemberList,
illinoisHouse,40,"Jaime M. Andrade, Jr.",address,value,4007 N. Sacramento Ave. Chicago IL 60618,http://www.ilga.gov/House/Members/rptMemberList,
illinoisHouse,40,"Jaime M. Andrade, Jr.",photo,unavailable,,http://www.ilga.gov/House/Members/Details/3307,Not published by official source
illinoisHouse,41,Janet Yang Rohr,name,value,Janet Yang Rohr,http://www.ilga.gov/House/Members/rptMemberList,
illinoisHouse,41,Janet Yang Rohr,email,value,info@repyangrohr.com,http://www.ilga.gov/House/Members/rptMemberList,
illinoisHouse,41,Janet Yang Rohr,phone,value,(630) 296-4157,http://www.ilga.gov/House/Members/rptMemberList,
illinoisHouse,41,Janet Yang Rohr,address,value,475 River Bend Road Suite 500 Naperville IL 60540,http://www.ilga.gov/House/Members/rptMemberList,
illinoisHouse,41,Janet Yang Rohr,photo,unavailable,,http://www.ilga.gov/House/Members/Details/3387,Not published by official source
illinoisHouse,42,Margaret A. DeLaRosa,name,value,Margaret A. DeLaRosa,http://www.ilga.gov/House/Members/rptMemberList,
illinoisHouse,42,Margaret A. DeLaRosa,email,value,ILHouse42@gmail.com,http://www.ilga.gov/House/Members/rptMemberList,
illinoisHouse,42,Margaret A. DeLaRosa,phone,value,(630) 812-9292,http://www.ilga.gov/House/Members/rptMemberList,
illinoisHouse,42,Margaret A. DeLaRosa,address,value,913 S. Main St. Lombard IL 60148,http://www.ilga.gov/House/Members/rptMemberList,
illinoisHouse,42,Margaret A. DeLaRosa,photo,unavailable,,http://www.ilga.gov/House/Members/Details/3461,Not published by official source
illinoisHouse,43,Anna Moeller,name,value,Anna Moeller,http://www.ilga.gov/House/Members/rptMemberList,
illinoisHouse,43,Anna Moeller,email,value,staterepmoeller@gmail.com,http://www.ilga.gov/House/Members/rptMemberList,
illinoisHouse,43,Anna Moeller,phone,value,(847) 841-7140,http://www.ilga.gov/House/Members/rptMemberList,
illinoisHouse,43,Anna Moeller,address,value,164 Division Street Suite 103 Elgin IL 60120,http://www.ilga.gov/House/Members/rptMemberList,
illinoisHouse,43,Anna Moeller,photo,unavailable,,http://www.ilga.gov/House/Members/Details/3308,Not published by official source
illinoisHouse,44,Fred Crespo,name,value,Fred Crespo,http://www.ilga.gov/House/Members/rptMemberList,
illinoisHouse,44,Fred Crespo,email,value,fred@fredcrespo.com,http://www.ilga.gov/House/Members/rptMemberList,
illinoisHouse,44,Fred Crespo,phone,value,(630) 372-3342,http://www.ilga.gov/House/Members/rptMemberList,
illinoisHouse,44,Fred Crespo,address,value,1014 E. Schaumburg Road Streamwood IL 60107,http://www.ilga.gov/House/Members/rptMemberList,
illinoisHouse,44,Fred Crespo,photo,unavailable,,http://www.ilga.gov/House/Members/Details/3274,Not published by official source
illinoisHouse,45,Martha Deuter,name,value,Martha Deuter,http://www.ilga.gov/House/Members/rptMemberList,
illinoisHouse,45,Martha Deuter,email,value,office@repmartideuter.com,http://www.ilga.gov/House/Members/rptMemberList,
illinoisHouse,45,Martha Deuter,phone,value,(630) 413-1080,http://www.ilga.gov/House/Members/rptMemberList,
illinoisHouse,45,Martha Deuter,address,value,"1 S. Cass Ave., Suite 104 Westmont IL 60559",http://www.ilga.gov/House/Members/rptMemberList,
illinoisHouse,45,Martha Deuter,photo,unavailable,,http://www.ilga.gov/House/Members/Details/3455,Not published by official source
illinoisHouse,46,Diane Blair-Sherlock,name,value,Diane Blair-Sherlock,http://www.ilga.gov/House/Members/rptMemberList,
illinoisHouse,46,Diane Blair-Sherlock,email,value,staterep46@gmail.com,http://www.ilga.gov/House/Members/rptMemberList,
illinoisHouse,46,Diane Blair-Sherlock,phone,value,(630) 415-3520,http://www.ilga.gov/House/Members/rptMemberList,
illinoisHouse,46,Diane Blair-Sherlock,address,value,28 Villa Ave. Villa Park IL 60181,http://www.ilga.gov/House/Members/rptMemberList,
illinoisHouse,46,Diane Blair-Sherlock,photo,unavailable,,http://www.ilga.gov/House/Members/Details/3425,Not published by official source
illinoisHouse,47,Amy L. Grant,name,value,Amy L. Grant,http://www.ilga.gov/House/Members/rptMemberList,
illinoisHouse,47,Amy L. Grant,email,value,grant@ilhousegop.org,http://www.ilga.gov/House/Members/rptMemberList,
illinoisHouse,47,Amy L. Grant,phone,value,(331) 218-4182,http://www.ilga.gov/House/Members/rptMemberList,
illinoisHouse,47,Amy L. Grant,address,value,416 E. Roosevelt Road Suite 104 Wheaton IL 60187,http://www.ilga.gov/House/Members/rptMemberList,
illinoisHouse,47,Amy L. Grant,photo,unavailable,,http://www.ilga.gov/House/Members/Details/3360,Not published by official source
illinoisHouse,48,Jennifer Sanalitro,name,value,Jennifer Sanalitro,http://www.ilga.gov/House/Members/rptMemberList,
illinoisHouse,48,Jennifer Sanalitro,email,value,sanalitro@ilhousegop.org,http://www.ilga.gov/House/Members/rptMemberList,
illinoisHouse,48,Jennifer Sanalitro,phone,value,(630) 349-0645,http://www.ilga.gov/House/Members/rptMemberList,
illinoisHouse,48,Jennifer Sanalitro,address,value,994 W Army Trail Road Carol Stream IL 60188,http://www.ilga.gov/House/Members/rptMemberList,
illinoisHouse,48,Jennifer Sanalitro,photo,unavailable,,http://www.ilga.gov/House/Members/Details/3422,Not published by official source
illinoisHouse,49,Maura Hirschauer,name,value,Maura Hirschauer,http://www.ilga.gov/House/Members/rptMemberList,
illinoisHouse,49,Maura Hirschauer,email,value,office@repmaura49.com,http://www.ilga.gov/House/Members/rptMemberList,
illinoisHouse,49,Maura Hirschauer,phone,value,(331) 465-9661,http://www.ilga.gov/House/Members/rptMemberList,
illinoisHouse,49,Maura Hirschauer,address,value,946 Neltnor Blvd. #104 West Chicago IL 60185,http://www.ilga.gov/House/Members/rptMemberList,
illinoisHouse,49,Maura Hirschauer,photo,unavailable,,http://www.ilga.gov/House/Members/Details/3388,Not published by official source
illinoisHouse,50,Barbara Hernandez,name,value,Barbara Hernandez,http://www.ilga.gov/House/Members/rptMemberList,
illinoisHouse,50,Barbara Hernandez,email,value,Repbarbarahernandez@gmail.com,http://www.ilga.gov/House/Members/rptMemberList,
illinoisHouse,50,Barbara Hernandez,phone,value,(630) 270-1848,http://www.ilga.gov/House/Members/rptMemberList,
illinoisHouse,50,Barbara Hernandez,address,value,"1 E. Benton Street, Suite 101 Aurora IL 60505",http://www.ilga.gov/House/Members/rptMemberList,
illinoisHouse,50,Barbara Hernandez,photo,unavailable,,http://www.ilga.gov/House/Members/Details/3367,Not published by official source
illinoisHouse,51,Nabeela Syed,name,value,Nabeela Syed,http://www.ilga.gov/House/Members/rptMemberList,
illinoisHouse,51,Nabeela Syed,email,value,info@repsyed.com,http://www.ilga.gov/House/Members/rptMemberList,
illinoisHouse,51,Nabeela Syed,phone,value,(773) 916-6553,http://www.ilga.gov/House/Members/rptMemberList,
illinoisHouse,51,Nabeela Syed,address,value,1252 W Northwest Highway Palatine IL 60067,http://www.ilga.gov/House/Members/rptMemberList,
illinoisHouse,51,Nabeela Syed,photo,unavailable,,http://www.ilga.gov/House/Members/Details/3423,Not published by official source
illinoisHouse,52,Martin McLaughlin,name,value,Martin McLaughlin,http://www.ilga.gov/House/Members/rptMemberList,
illinoisHouse,52,Martin McLaughlin,email,value,RepMcLaughlin@gmail.com,http://www.ilga.gov/House/Members/rptMemberList,
illinoisHouse,52,Martin McLaughlin,phone,value,(224) 634-8300,http://www.ilga.gov/House/Members/rptMemberList,
illinoisHouse,52,Martin McLaughlin,address,value,28662 West NW Highway Suite A Lake Barrington IL 60010,http://www.ilga.gov/House/Members/rptMemberList,
illinoisHouse,52,Martin McLaughlin,photo,unavailable,,http://www.ilga.gov/House/Members/Details/3389,Not published by official source
illinoisHouse,53,Nicolle Grasse,name,value,Nicolle Grasse,http://www.ilga.gov/House/Members/rptMemberList,
illinoisHouse,53,Nicolle Grasse,email,value,contact@staterepgrasse.com,http://www.ilga.gov/House/Members/rptMemberList,
illinoisHouse,53,Nicolle Grasse,phone,value,(847) 749-1137,http://www.ilga.gov/House/Members/rptMemberList,
illinoisHouse,53,Nicolle Grasse,address,value,171 W. Wing St. Suite 202 Arlington Heights IL 60005,http://www.ilga.gov/House/Members/rptMemberList,
illinoisHouse,53,Nicolle Grasse,photo,unavailable,,http://www.ilga.gov/House/Members/Details/3450,Not published by official source
illinoisHouse,54,Mary Beth Canty,name,value,Mary Beth Canty,http://www.ilga.gov/House/Members/rptMemberList,
illinoisHouse,54,Mary Beth Canty,email,value,info@repmbc.com,http://www.ilga.gov/House/Members/rptMemberList,
illinoisHouse,54,Mary Beth Canty,phone,value,(224) 248-8187,http://www.ilga.gov/House/Members/rptMemberList,
illinoisHouse,54,Mary Beth Canty,address,value,12 E. Northwest Highway Arlington Heights IL 60004,http://www.ilga.gov/House/Members/rptMemberList,
illinoisHouse,54,Mary Beth Canty,photo,unavailable,,http://www.ilga.gov/House/Members/Details/3424,Not published by official source
illinoisHouse,55,Justin Cochran,name,value,Justin Cochran,http://www.ilga.gov/House/Members/rptMemberList,
illinoisHouse,55,Justin Cochran,email,value,contact@repjustincochran.com,http://www.ilga.gov/House/Members/rptMemberList,
illinoisHouse,55,Justin Cochran,phone,value,(847) 635-6821,http://www.ilga.gov/House/Members/rptMemberList,
illinoisHouse,55,Justin Cochran,address,value,24 S River Rd Suite 400 Des Plaines IL 60016,http://www.ilga.gov/House/Members/rptMemberList,
illinoisHouse,55,Justin Cochran,photo,unavailable,,http://www.ilga.gov/House/Members/Details/3462,Not published by official source
illinoisHouse,56,Michelle Mussman,name,value,Michelle Mussman,http://www.ilga.gov/House/Members/rptMemberList,
illinoisHouse,56,Michelle Mussman,email,value,staterepmussman@gmail.com,http://www.ilga.gov/House/Members/rptMemberList,
illinoisHouse,56,Michelle Mussman,phone,value,(847) 923-9105,http://www.ilga.gov/House/Members/rptMemberList,
illinoisHouse,56,Michelle Mussman,address,value,11 N. Roselle Road Schaumburg IL 60194,http://www.ilga.gov/House/Members/rptMemberList,
illinoisHouse,56,Michelle Mussman,photo,unavailable,,http://www.ilga.gov/House/Members/Details/3284,Not published by official source
illinoisHouse,57,Tracy Katz Muhl,name,value,Tracy Katz Muhl,http://www.ilga.gov/House/Members/rptMemberList,
illinoisHouse,57,Tracy Katz Muhl,email,value,info@staterepkatzmuhl.com,http://www.ilga.gov/House/Members/rptMemberList,
illinoisHouse,57,Tracy Katz Muhl,phone,value,(847) 715-9055,http://www.ilga.gov/House/Members/rptMemberList,
illinoisHouse,57,Tracy Katz Muhl,address,value,3153 Dundee Road Northbrook IL 60062,http://www.ilga.gov/House/Members/rptMemberList,
illinoisHouse,57,Tracy Katz Muhl,photo,unavailable,,http://www.ilga.gov/House/Members/Details/3447,Not published by official source
illinoisHouse,58,Bob Morgan,name,value,Bob Morgan,http://www.ilga.gov/House/Members/rptMemberList,
illinoisHouse,58,Bob Morgan,email,value,info@repbobmorgan.com,http://www.ilga.gov/House/Members/rptMemberList,
illinoisHouse,58,Bob Morgan,phone,value,(847) 780-8471,http://www.ilga.gov/House/Members/rptMemberList,
illinoisHouse,58,Bob Morgan,address,value,425 Sheridan Rd. Highwood IL 60040,http://www.ilga.gov/House/Members/rptMemberList,
illinoisHouse,58,Bob Morgan,photo,unavailable,,http://www.ilga.gov/House/Members/Details/3353,Not published by official source
illinoisHouse,59,Daniel Didech,name,value,Daniel Didech,http://www.ilga.gov/House/Members/rptMemberList,
illinoisHouse,59,Daniel Didech,email,value,Info@repdidech.com,http://www.ilga.gov/House/Members/rptMemberList,
illinoisHouse,59,Daniel Didech,phone,value,(847) 478-9909,http://www.ilga.gov/House/Members/rptMemberList,
illinoisHouse,59,Daniel Didech,address,value,Vernon Township Administrative Building 3050 N. Main St. Buffalo Grove IL 60089,http://www.ilga.gov/House/Members/rptMemberList,
illinoisHouse,59,Daniel Didech,photo,unavailable,,http://www.ilga.gov/House/Members/Details/3347,Not published by official source
illinoisHouse,60,Rita Mayfield,name,value,Rita Mayfield,http://www.ilga.gov/House/Members/rptMemberList,
illinoisHouse,60,Rita Mayfield,email,unavailable,,http://www.ilga.gov/House/Members/rptMemberList,Not published by official source
illinoisHouse,60,Rita Mayfield,phone,value,(224) 214-3733,http://www.ilga.gov/House/Members/rptMemberList,
illinoisHouse,60,Rita Mayfield,address,value,"60th District 229-E Stratton Office Building Springfield, IL 62706 120 S. Genesee St. Waukegan IL 60085",http://www.ilga.gov/House/Members/rptMemberList,
illinoisHouse,60,Rita Mayfield,photo,unavailable,,http://www.ilga.gov/House/Members/Details/3280,Not published by official source
illinoisHouse,61,Joyce Mason,name,value,Joyce Mason,http://www.ilga.gov/House/Members/rptMemberList,
illinoisHouse,61,Joyce Mason,email,value,info@repjoycemason.com,http://www.ilga.gov/House/Members/rptMemberList,
illinoisHouse,61,Joyce Mason,phone,value,(847) 485-9986,http://www.ilga.gov/House/Members/rptMemberList,
illinoisHouse,61,Joyce Mason,address,value,34121 N. US Highway 45 Suite 12 Grayslake IL 60030,http://www.ilga.gov/House/Members/rptMemberList,
illinoisHouse,61,Joyce Mason,photo,unavailable,,http://www.ilga.gov/House/Members/Details/3357,Not published by official source
illinoisHouse,62,Laura Faver Dias,name,value,Laura Faver Dias,http://www.ilga.gov/House/Members/rptMemberList,
illinoisHouse,62,Laura Faver Dias,email,value,info@repfaverdias.com,http://www.ilga.gov/House/Members/rptMemberList,
illinoisHouse,62,Laura Faver Dias,phone,value,(224) 541-4453,http://www.ilga.gov/House/Members/rptMemberList,
illinoisHouse,62,Laura Faver Dias,address,value,10 N. Lake St. Suite 102 Grayslake IL 60030,http://www.ilga.gov/House/Members/rptMemberList,
illinoisHouse,62,Laura Faver Dias,photo,unavailable,,http://www.ilga.gov/House/Members/Details/3426,Not published by official source
illinoisHouse,63,Steven Reick,name,value,Steven Reick,http://www.ilga.gov/House/Members/rptMemberList,
illinoisHouse,63,Steven Reick,email,value,reick@ilhousegop.org,http://www.ilga.gov/House/Members/rptMemberList,
illinoisHouse,63,Steven Reick,phone,value,(815) 880-5340,http://www.ilga.gov/House/Members/rptMemberList,
illinoisHouse,63,Steven Reick,address,value,1072 Lake Avenue Woodstock IL 60098,http://www.ilga.gov/House/Members/rptMemberList,
illinoisHouse,63,Steven Reick,photo,unavailable,,http://www.ilga.gov/House/Members/Details/3323,Not published by official source
illinoisHouse,64,Tom Weber,name,value,Tom Weber,http://www.ilga.gov/House/Members/rptMemberList,
illinoisHouse,64,Tom Weber,email,value,weber@ilhousegop.org,http://www.ilga.gov/House/Members/rptMemberList,
illinoisHouse,64,Tom Weber,phone,value,(847) 629-5439,http://www.ilga.gov/House/Members/rptMemberList,
illinoisHouse,64,Tom Weber,address,value,74 E. Grand Ave. Ste. 104 Fox Lake IL 60020,http://www.ilga.gov/House/Members/rptMemberList,
illinoisHouse,64,Tom Weber,photo,unavailable,,http://www.ilga.gov/House/Members/Details/3361,Not published by official source
illinoisHouse,65,Dan Ugaste,name,value,Dan Ugaste,http://www.ilga.gov/House/Members/rptMemberList,
illinoisHouse,65,Dan Ugaste,email,value,ugaste@ilhousegop.org,http://www.ilga.gov/House/Members/rptMemberList,
illinoisHouse,65,Dan Ugaste,phone,value,(630) 797-5530,http://www.ilga.gov/House/Members/rptMemberList,
illinoisHouse,65,Dan Ugaste,address,value,406 Surrey Woods Dr Unit A St. Charles IL 60174,http://www.ilga.gov/House/Members/rptMemberList,
illinoisHouse,65,Dan Ugaste,photo,unavailable,,http://www.ilga.gov/House/Members/Details/3359,Not published by official source
illinoisHouse,66,Suzanne M. Ness,name,value,Suzanne M. Ness,http://www.ilga.gov/House/Members/rptMemberList,
illinoisHouse,66,Suzanne M. Ness,email,value,info@repsnessil66.com,http://www.ilga.gov/House/Members/rptMemberList,
illinoisHouse,66,Suzanne M. Ness,phone,value,(224) 484-8620,http://www.ilga.gov/House/Members/rptMemberList,
illinoisHouse,66,Suzanne M. Ness,address,value,20 S. Grove St. Carpentersville IL 60110,http://www.ilga.gov/House/Members/rptMemberList,
illinoisHouse,66,Suzanne M. Ness,photo,unavailable,,http://www.ilga.gov/House/Members/Details/3396,Not published by official source
illinoisHouse,67,"Maurice A. West, II",name,value,"Maurice A. West, II",http://www.ilga.gov/House/Members/rptMemberList,
illinoisHouse,67,"Maurice A. West, II",email,value,Assistance@StateRepWest.com,http://www.ilga.gov/House/Members/rptMemberList,
illinoisHouse,67,"Maurice A. West, II",phone,value,(815) 987-7433,http://www.ilga.gov/House/Members/rptMemberList,
illinoisHouse,67,"Maurice A. West, II",address,value,303 N. Main Street Ste 110 Rockford IL 61101,http://www.ilga.gov/House/Members/rptMemberList,
illinoisHouse,67,"Maurice A. West, II",photo,unavailable,,http://www.ilga.gov/House/Members/Details/3346,Not published by official source
illinoisHouse,68,Dave Vella,name,value,Dave Vella,http://www.ilga.gov/House/Members/rptMemberList,
illinoisHouse,68,Dave Vella,email,value,repdavevella@gmail.com,http://www.ilga.gov/House/Members/rptMemberList,
illinoisHouse,68,Dave Vella,phone,value,(815) 329-6741,http://www.ilga.gov/House/Members/rptMemberList,
illinoisHouse,68,Dave Vella,address,value,4007 North Mulford Road Loves Park IL 61111,http://www.ilga.gov/House/Members/rptMemberList,
illinoisHouse,68,Dave Vella,photo,unavailable,,http://www.ilga.gov/House/Members/Details/3390,Not published by official source
illinoisHouse,69,Joe C. Sosnowski,name,value,Joe C. Sosnowski,http://www.ilga.gov/House/Members/rptMemberList,
illinoisHouse,69,Joe C. Sosnowski,email,value,sosnowski@ilhousegop.org,http://www.ilga.gov/House/Members/rptMemberList,
illinoisHouse,69,Joe C. Sosnowski,phone,value,(815) 516-8434,http://www.ilga.gov/House/Members/rptMemberList,
illinoisHouse,69,Joe C. Sosnowski,address,value,1700 Hutchins Road Unit B Machesney Park IL 61115,http://www.ilga.gov/House/Members/rptMemberList,
illinoisHouse,69,Joe C. Sosnowski,photo,unavailable,,http://www.ilga.gov/House/Members/Details/3285,Not published by official source
illinoisHouse,70,Jeff Keicher,name,value,Jeff Keicher,http://www.ilga.gov/House/Members/rptMemberList,
illinoisHouse,70,Jeff Keicher,email,value,keicher@ilhousegop.org,http://www.ilga.gov/House/Members/rptMemberList,
illinoisHouse,70,Jeff Keicher,phone,value,(815) 748-3494,http://www.ilga.gov/House/Members/rptMemberList,
illinoisHouse,70,Jeff Keicher,address,value,158 W. State Street Suite C Sycamore IL 60178,http://www.ilga.gov/House/Members/rptMemberList,
illinoisHouse,70,Jeff Keicher,photo,unavailable,,http://www.ilga.gov/House/Members/Details/3333,Not published by official source
illinoisHouse,71,Dan Swanson,name,value,Dan Swanson,http://www.ilga.gov/House/Members/rptMemberList,
illinoisHouse,71,Dan Swanson,email,value,swanson@ilhousegop.org,http://www.ilga.gov/House/Members/rptMemberList,
illinoisHouse,71,Dan Swanson,phone,value,(309) 334-8000,http://www.ilga.gov/House/Members/rptMemberList,
illinoisHouse,71,Dan Swanson,address,value,275 N. Division St. PO Box 173 Woodhull IL 61490,http://www.ilga.gov/House/Members/rptMemberList,
illinoisHouse,71,Dan Swanson,photo,unavailable,,http://www.ilga.gov/House/Members/Details/3327,Not published by official source
illinoisHouse,72,Gregg Johnson,name,value,Gregg Johnson,http://www.ilga.gov/House/Members/rptMemberList,
illinoisHouse,72,Gregg Johnson,email,value,support@repgreggjohnson.com,http://www.ilga.gov/House/Members/rptMemberList,
illinoisHouse,72,Gregg Johnson,phone,value,(309) 203-1668,http://www.ilga.gov/House/Members/rptMemberList,
illinoisHouse,72,Gregg Johnson,address,value,945 15th Ave. East Moline IL 61244,http://www.ilga.gov/House/Members/rptMemberList,
illinoisHouse,72,Gregg Johnson,photo,unavailable,,http://www.ilga.gov/House/Members/Details/3427,Not published by official source
illinoisHouse,73,Ryan Spain,name,value,Ryan Spain,http://www.ilga.gov/House/Members/rptMemberList,
illinoisHouse,73,Ryan Spain,email,value,repryanspain@gmail.com,http://www.ilga.gov/House/Members/rptMemberList,
illinoisHouse,73,Ryan Spain,phone,value,(309) 690-7373,http://www.ilga.gov/House/Members/rptMemberList,
illinoisHouse,73,Ryan Spain,address,value,"5407 N. University St., Arbor Hall Suite B Peoria IL 61614",http://www.ilga.gov/House/Members/rptMemberList,
illinoisHouse,73,Ryan Spain,photo,unavailable,,http://www.ilga.gov/House/Members/Details/3325,Not published by official source
illinoisHouse,74,Bradley Fritts,name,value,Bradley Fritts,http://www.ilga.gov/House/Members/rptMemberList,
illinoisHouse,74,Bradley Fritts,email,value,fritts@ilhousegop.org,http://www.ilga.gov/House/Members/rptMemberList,
illinoisHouse,74,Bradley Fritts,phone,value,(815) 561-3690,http://www.ilga.gov/House/Members/rptMemberList,
illinoisHouse,74,Bradley Fritts,address,value,"101 West First Street, Suite 501 Dixon IL 61021",http://www.ilga.gov/House/Members/rptMemberList,
illinoisHouse,74,Bradley Fritts,photo,unavailable,,http://www.ilga.gov/House/Members/Details/3428,Not published by official source
illinoisHouse,75,Jed Davis,name,value,Jed Davis,http://www.ilga.gov/House/Members/rptMemberList,
illinoisHouse,75,Jed Davis,email,value,davis@ilhousegop.org,http://www.ilga.gov/House/Members/rptMemberList,
illinoisHouse,75,Jed Davis,phone,value,(331) 867-8200,http://www.ilga.gov/House/Members/rptMemberList,
illinoisHouse,75,Jed Davis,address,value,1925 S. Bridge St. Yorkville IL 60560,http://www.ilga.gov/House/Members/rptMemberList,
illinoisHouse,75,Jed Davis,photo,unavailable,,http://www.ilga.gov/House/Members/Details/3414,Not published by official source
illinoisHouse,76,Amy Briel,name,value,Amy Briel,http://www.ilga.gov/House/Members/rptMemberList,
illinoisHouse,76,Amy Briel,email,value,contact@staterepbriel.com,http://www.ilga.gov/House/Members/rptMemberList,
illinoisHouse,76,Amy Briel,phone,value,(815) 587-7912,http://www.ilga.gov/House/Members/rptMemberList,
illinoisHouse,76,Amy Briel,address,value,628 Columbus Street Suite 408 Ottawa IL 61350,http://www.ilga.gov/House/Members/rptMemberList,
illinoisHouse,76,Amy Briel,photo,unavailable,,http://www.ilga.gov/House/Members/Details/3451,Not published by official source
illinoisHouse,77,Norma Hernandez,name,value,Norma Hernandez,http://www.ilga.gov/House/Members/rptMemberList,
illinoisHouse,77,Norma Hernandez,email,value,district@repnormahernandez.com,http://www.ilga.gov/House/Members/rptMemberList,
illinoisHouse,77,Norma Hernandez,phone,value,(708) 365-8498,http://www.ilga.gov/House/Members/rptMemberList,
illinoisHouse,77,Norma Hernandez,address,value,"125 N. 19th Avenue, STE. B Melrose Park IL 60160",http://www.ilga.gov/House/Members/rptMemberList,
illinoisHouse,77,Norma Hernandez,photo,unavailable,,http://www.ilga.gov/House/Members/Details/3415,Not published by official source
illinoisHouse,78,Camille Y. Lilly,name,value,Camille Y. Lilly,http://www.ilga.gov/House/Members/rptMemberList,
illinoisHouse,78,Camille Y. Lilly,email,value,staterepcamilleylilly@gmail.com,http://www.ilga.gov/House/Members/rptMemberList,
illinoisHouse,78,Camille Y. Lilly,phone,value,(773) 473-7300,http://www.ilga.gov/House/Members/rptMemberList,
illinoisHouse,78,Camille Y. Lilly,address,value,6937 W. North Ave. Oak Park IL 60302,http://www.ilga.gov/House/Members/rptMemberList,
illinoisHouse,78,Camille Y. Lilly,photo,unavailable,,http://www.ilga.gov/House/Members/Details/3279,Not published by official source
illinoisHouse,79,Jackie Haas,name,value,Jackie Haas,http://www.ilga.gov/House/Members/rptMemberList,
illinoisHouse,79,Jackie Haas,email,unavailable,,http://www.ilga.gov/House/Members/rptMemberList,Not published by official source
illinoisHouse,79,Jackie Haas,phone,value,(815) 304-5987,http://www.ilga.gov/House/Members/rptMemberList,
illinoisHouse,79,Jackie Haas,address,value,"79th District 201-N Stratton Office Building Springfield, IL 62706 187 S Schuyler Avenue Suite 110 Kankakee IL 60901",http://www.ilga.gov/House/Members/rptMemberList,
illinoisHouse,79,Jackie Haas,photo,unavailable,,http://www.ilga.gov/House/Members/Details/3379,Not published by official source
illinoisHouse,80,Anthony DeLuca,name,value,Anthony DeLuca,http://www.ilga.gov/House/Members/rptMemberList,
illinoisHouse,80,Anthony DeLuca,email,value,repdeluca@sbcglobal.net,http://www.ilga.gov/House/Members/rptMemberList,
illinoisHouse,80,Anthony DeLuca,phone,value,(708) 754-7904,http://www.ilga.gov/House/Members/rptMemberList,
illinoisHouse,80,Anthony DeLuca,address,value,195 W. Joe Orr Rd. Suite 201 Chicago Heights IL 60411,http://www.ilga.gov/House/Members/rptMemberList,
illinoisHouse,80,Anthony DeLuca,photo,unavailable,,http://www.ilga.gov/House/Members/Details/3277,Not published by official source
illinoisHouse,81,Anne Stava,name,value,Anne Stava,http://www.ilga.gov/House/Members/rptMemberList,
illinoisHouse,81,Anne Stava,email,value,office@repstavamurray.com,http://www.ilga.gov/House/Members/rptMemberList,
illinoisHouse,81,Anne Stava,phone,value,(630) 605-0595,http://www.ilga.gov/House/Members/rptMemberList,
illinoisHouse,81,Anne Stava,address,value,633 Rogers Street Suite 110 Downers Grove IL 60515,http://www.ilga.gov/House/Members/rptMemberList,
illinoisHouse,81,Anne Stava,photo,unavailable,,http://www.ilga.gov/House/Members/Details/3349,Not published by official source
illinoisHouse,82,Nicole La Ha,name,value,Nicole La Ha,http://www.ilga.gov/House/Members/rptMemberList,
illinoisHouse,82,Nicole La Ha,email,value,repnicolelaha@gmail.com,http://www.ilga.gov/House/Members/rptMemberList,
illinoisHouse,82,Nicole La Ha,phone,value,(630) 755-4296,http://www.ilga.gov/House/Members/rptMemberList,
illinoisHouse,82,Nicole La Ha,address,value,12271 Walker Road Lemont IL 60439,http://www.ilga.gov/House/Members/rptMemberList,
illinoisHouse,82,Nicole La Ha,photo,unavailable,,http://www.ilga.gov/House/Members/Details/3445,Not published by official source
illinoisHouse,83,Matt Hanson,name,value,Matt Hanson,http://www.ilga.gov/House/Members/rptMemberList,
illinoisHouse,83,Matt Hanson,email,value,Info@RepMattHanson.com,http://www.ilga.gov/House/Members/rptMemberList,
illinoisHouse,83,Matt Hanson,phone,value,(630) 425-3965,http://www.ilga.gov/House/Members/rptMemberList,
illinoisHouse,83,Matt Hanson,address,value,"1605 W. Wilson, Suite 112 Batavia IL 60510",http://www.ilga.gov/House/Members/rptMemberList,
illinoisHouse,83,Matt Hanson,photo,unavailable,,http://www.ilga.gov/House/Members/Details/3416,Not published by official source
illinoisHouse,84,Stephanie A. Kifowit,name,value,Stephanie A. Kifowit,http://www.ilga.gov/House/Members/rptMemberList,
illinoisHouse,84,Stephanie A. Kifowit,email,value,stephanie.kifowit@att.net,http://www.ilga.gov/House/Members/rptMemberList,
illinoisHouse,84,Stephanie A. Kifowit,phone,value,(630) 585-1357,http://www.ilga.gov/House/Members/rptMemberList,
illinoisHouse,84,Stephanie A. Kifowit,address,value,1677 Montgomery Rd. Ste. 116 Aurora IL 60504,http://www.ilga.gov/House/Members/rptMemberList,
illinoisHouse,84,Stephanie A. Kifowit,photo,unavailable,,http://www.ilga.gov/House/Members/Details/3301,Not published by official source
illinoisHouse,85,Dagmara Avelar,name,value,Dagmara Avelar,http://www.ilga.gov/House/Members/rptMemberList,
illinoisHouse,85,Dagmara Avelar,email,value,info@repdagmara.org,http://www.ilga.gov/House/Members/rptMemberList,
illinoisHouse,85,Dagmara Avelar,phone,value,(815) 372-0085,http://www.ilga.gov/House/Members/rptMemberList,
illinoisHouse,85,Dagmara Avelar,address,value,1050 W. Romeo Rd. Romeoville IL 60446,http://www.ilga.gov/House/Members/rptMemberList,
illinoisHouse,85,Dagmara Avelar,photo,unavailable,,http://www.ilga.gov/House/Members/Details/3391,Not published by official source
illinoisHouse,86,"Lawrence ""Larry"" Walsh, Jr.",name,value,"Lawrence ""Larry"" Walsh, Jr.",http://www.ilga.gov/House/Members/rptMemberList,
illinoisHouse,86,"Lawrence ""Larry"" Walsh, Jr.",email,value,statereplarrywalshjr@gmail.com,http://www.ilga.gov/House/Members/rptMemberList,
illinoisHouse,86,"Lawrence ""Larry"" Walsh, Jr.",phone,value,(815) 730-8600,http://www.ilga.gov/House/Members/rptMemberList,
illinoisHouse,86,"Lawrence ""Larry"" Walsh, Jr.",address,value,3141 W. Jefferson Street Joliet IL 60435,http://www.ilga.gov/House/Members/rptMemberList,
illinoisHouse,86,"Lawrence ""Larry"" Walsh, Jr.",photo,unavailable,,http://www.ilga.gov/House/Members/Details/3290,Not published by official source
illinoisHouse,87,William E Hauter,name,value,William E Hauter,http://www.ilga.gov/House/Members/rptMemberList,
illinoisHouse,87,William E Hauter,email,value,hauter@ilhousegop.org,http://www.ilga.gov/House/Members/rptMemberList,
illinoisHouse,87,William E Hauter,phone,value,(309) 819-8701,http://www.ilga.gov/House/Members/rptMemberList,
illinoisHouse,87,William E Hauter,address,value,133 S. Main Street Ste. A Morton IL 61550,http://www.ilga.gov/House/Members/rptMemberList,
illinoisHouse,87,William E Hauter,photo,unavailable,,http://www.ilga.gov/House/Members/Details/3429,Not published by official source
illinoisHouse,88,Regan Deering,name,value,Regan Deering,http://www.ilga.gov/House/Members/rptMemberList,
illinoisHouse,88,Regan Deering,email,unavailable,,http://www.ilga.gov/House/Members/rptMemberList,Not published by official source
illinoisHouse,88,Regan Deering,phone,value,(217) 876-1968,http://www.ilga.gov/House/Members/rptMemberList,
illinoisHouse,88,Regan Deering,address,value,"88th District 221-N Stratton Springfield, IL 62706 419 E. Ash Ave Decatur IL 62526",http://www.ilga.gov/House/Members/rptMemberList,
illinoisHouse,88,Regan Deering,photo,unavailable,,http://www.ilga.gov/House/Members/Details/3454,Not published by official source
illinoisHouse,89,Tony M. McCombie,name,value,Tony M. McCombie,http://www.ilga.gov/House/Members/rptMemberList,
illinoisHouse,89,Tony M. McCombie,email,value,McCombie@ilhousegop.org,http://www.ilga.gov/House/Members/rptMemberList,
illinoisHouse,89,Tony M. McCombie,phone,value,(815) 291-8989,http://www.ilga.gov/House/Members/rptMemberList,
illinoisHouse,89,Tony M. McCombie,address,value,9317B IL Route 84 Savanna IL 61074,http://www.ilga.gov/House/Members/rptMemberList,
illinoisHouse,89,Tony M. McCombie,photo,unavailable,,http://www.ilga.gov/House/Members/Details/3322,Not published by official source
illinoisHouse,90,John M. Cabello,name,value,John M. Cabello,http://www.ilga.gov/House/Members/rptMemberList,
illinoisHouse,90,John M. Cabello,email,value,cabello@ilhousegop.org,http://www.ilga.gov/House/Members/rptMemberList,
illinoisHouse,90,John M. Cabello,phone,value,(815) 974-0090,http://www.ilga.gov/House/Members/rptMemberList,
illinoisHouse,90,John M. Cabello,address,value,1700 Hutchins Road Unit B Machesney Park IL 61115,http://www.ilga.gov/House/Members/rptMemberList,
illinoisHouse,90,John M. Cabello,photo,unavailable,,http://www.ilga.gov/House/Members/Details/3430,Not published by official source
illinoisHouse,91,Sharon Chung,name,value,Sharon Chung,http://www.ilga.gov/House/Members/rptMemberList,
illinoisHouse,91,Sharon Chung,email,value,info@repchung.com,http://www.ilga.gov/House/Members/rptMemberList,
illinoisHouse,91,Sharon Chung,phone,value,(309) 808-2351,http://www.ilga.gov/House/Members/rptMemberList,
illinoisHouse,91,Sharon Chung,address,value,216 N. Center St Bloomington IL 61701,http://www.ilga.gov/House/Members/rptMemberList,
illinoisHouse,91,Sharon Chung,photo,unavailable,,http://www.ilga.gov/House/Members/Details/3431,Not published by official source
illinoisHouse,92,Jehan Gordon-Booth,name,value,Jehan Gordon-Booth,http://www.ilga.gov/House/Members/rptMemberList,
illinoisHouse,92,Jehan Gordon-Booth,email,value,repjgordon@gmail.com,http://www.ilga.gov/House/Members/rptMemberList,
illinoisHouse,92,Jehan Gordon-Booth,phone,value,(309) 681-1992,http://www.ilga.gov/House/Members/rptMemberList,
illinoisHouse,92,Jehan Gordon-Booth,address,value,300 E. War Memorial Drive Suite 303 Peoria IL 61614,http://www.ilga.gov/House/Members/rptMemberList,
illinoisHouse,92,Jehan Gordon-Booth,photo,unavailable,,http://www.ilga.gov/House/Members/Details/3275,Not published by official source
illinoisHouse,93,Travis Weaver,name,value,Travis Weaver,http://www.ilga.gov/House/Members/rptMemberList,
illinoisHouse,93,Travis Weaver,email,value,weaver@ilhousegop.org,http://www.ilga.gov/House/Members/rptMemberList,
illinoisHouse,93,Travis Weaver,phone,value,(309) 204-6514,http://www.ilga.gov/House/Members/rptMemberList,
illinoisHouse,93,Travis Weaver,address,value,337 Court Street Pekin IL 61554,http://www.ilga.gov/House/Members/rptMemberList,
illinoisHouse,93,Travis Weaver,photo,unavailable,,http://www.ilga.gov/House/Members/Details/3435,Not published by official source
illinoisHouse,94,Norine K. Hammond,name,value,Norine K. Hammond,http://www.ilga.gov/House/Members/rptMemberList,
illinoisHouse,94,Norine K. Hammond,email,value,rephammond@macomb.com,http://www.ilga.gov/House/Members/rptMemberList,
illinoisHouse,94,Norine K. Hammond,phone,value,(309) 836-2231,http://www.ilga.gov/House/Members/rptMemberList,
illinoisHouse,94,Norine K. Hammond,address,value,325 E Washington St Macomb IL 61455,http://www.ilga.gov/House/Members/rptMemberList,
illinoisHouse,94,Norine K. Hammond,photo,unavailable,,http://www.ilga.gov/House/Members/Details/3287,Not published by official source
illinoisHouse,95,"Michael J. Coffey, Jr.",name,value,"Michael J. Coffey, Jr.",http://www.ilga.gov/House/Members/rptMemberList,
illinoisHouse,95,"Michael J. Coffey, Jr.",email,value,coffey@ilhousegop.org,http://www.ilga.gov/House/Members/rptMemberList,
illinoisHouse,95,"Michael J. Coffey, Jr.",phone,value,(217) 782-0053,http://www.ilga.gov/House/Members/rptMemberList,
illinoisHouse,95,"Michael J. Coffey, Jr.",address,value,E-1 Stratton Office Building 401 S. Spring St. Springfield IL 62706,http://www.ilga.gov/House/Members/rptMemberList,
illinoisHouse,95,"Michael J. Coffey, Jr.",photo,unavailable,,http://www.ilga.gov/House/Members/Details/3437,Not published by official source
illinoisHouse,96,Sue Scherer,name,value,Sue Scherer,http://www.ilga.gov/House/Members/rptMemberList,
illinoisHouse,96,Sue Scherer,email,value,staterepsue@gmail.com,http://www.ilga.gov/House/Members/rptMemberList,
illinoisHouse,96,Sue Scherer,phone,value,(217) 877-9659,http://www.ilga.gov/House/Members/rptMemberList,
illinoisHouse,96,Sue Scherer,address,value,1353 E. Mound Road Suite 203 Decatur IL 62526,http://www.ilga.gov/House/Members/rptMemberList,
illinoisHouse,96,Sue Scherer,photo,unavailable,,http://www.ilga.gov/House/Members/Details/3303,Not published by official source
illinoisHouse,97,Harry Benton,name,value,Harry Benton,http://www.ilga.gov/House/Members/rptMemberList,
illinoisHouse,97,Harry Benton,email,value,info@repharrybenton.com,http://www.ilga.gov/House/Members/rptMemberList,
illinoisHouse,97,Harry Benton,phone,value,(815) 254-0000,http://www.ilga.gov/House/Members/rptMemberList,
illinoisHouse,97,Harry Benton,address,value,24047 Lockport St. Plainfield IL 60544,http://www.ilga.gov/House/Members/rptMemberList,
illinoisHouse,97,Harry Benton,photo,unavailable,,http://www.ilga.gov/House/Members/Details/3432,Not published by official source
illinoisHouse,98,Natalie A. Manley,name,value,Natalie A. Manley,http://www.ilga.gov/House/Members/rptMemberList,
illinoisHouse,98,Natalie A. Manley,email,value,repmanley@gmail.com,http://www.ilga.gov/House/Members/rptMemberList,
illinoisHouse,98,Natalie A. Manley,phone,value,(815) 725-2741,http://www.ilga.gov/House/Members/rptMemberList,
illinoisHouse,98,Natalie A. Manley,address,value,1050 W. Romeo Rd. Suite 101 Romeoville IL 60446,http://www.ilga.gov/House/Members/rptMemberList,
illinoisHouse,98,Natalie A. Manley,photo,unavailable,,http://www.ilga.gov/House/Members/Details/3302,Not published by official source
illinoisHouse,99,Kyle Moore,name,value,Kyle Moore,http://www.ilga.gov/House/Members/rptMemberList,
illinoisHouse,99,Kyle Moore,email,value,Moore@ilhousegop.org,http://www.ilga.gov/House/Members/rptMemberList,
illinoisHouse,99,Kyle Moore,phone,value,(217) 223-0833,http://www.ilga.gov/House/Members/rptMemberList,
illinoisHouse,99,Kyle Moore,address,value,3601 E. Lake Centre Drive; Suite 200 Quincy IL 62305,http://www.ilga.gov/House/Members/rptMemberList,
illinoisHouse,99,Kyle Moore,photo,unavailable,,http://www.ilga.gov/House/Members/Details/3456,Not published by official source
illinoisHouse,100,"Christopher ""C.D."" Davidsmeyer",name,value,"Christopher ""C.D."" Davidsmeyer",http://www.ilga.gov/House/Members/rptMemberList,
illinoisHouse,100,"Christopher ""C.D."" Davidsmeyer",email,value,davidsmeyer@ilhousegop.org,http://www.ilga.gov/House/Members/rptMemberList,
illinoisHouse,100,"Christopher ""C.D."" Davidsmeyer",phone,value,(217) 245-2071,http://www.ilga.gov/House/Members/rptMemberList,
illinoisHouse,100,"Christopher ""C.D."" Davidsmeyer",address,value,"325 W. State Street, Suite 102 P.O. Box 160 Jacksonville IL 62650",http://www.ilga.gov/House/Members/rptMemberList,
illinoisHouse,100,"Christopher ""C.D."" Davidsmeyer",photo,unavailable,,http://www.ilga.gov/House/Members/Details/3304,Not published by official source
illinoisHouse,101,Chris Miller,name,value,Chris Miller,http://www.ilga.gov/House/Members/rptMemberList,
illinoisHouse,101,Chris Miller,email,value,miller@ilhousegop.org,http://www.ilga.gov/House/Members/rptMemberList,
illinoisHouse,101,Chris Miller,phone,value,(217) 508-4108,http://www.ilga.gov/House/Members/rptMemberList,
illinoisHouse,101,Chris Miller,address,value,1113 Lincoln Ave. Charleston IL 61920,http://www.ilga.gov/House/Members/rptMemberList,
illinoisHouse,101,Chris Miller,photo,unavailable,,http://www.ilga.gov/House/Members/Details/3362,Not published by official source
illinoisHouse,102,Adam M. Niemerg,name,value,Adam M. Niemerg,http://www.ilga.gov/House/Members/rptMemberList,
illinoisHouse,102,Adam M. Niemerg,email,value,niemerg@ilhousegop.org,http://www.ilga.gov/House/Members/rptMemberList,
illinoisHouse,102,Adam M. Niemerg,phone,value,(217) 813-6036,http://www.ilga.gov/House/Members/rptMemberList,
illinoisHouse,102,Adam M. Niemerg,address,value,"100 Norb Avenue, Suite 1 Post Office Box 188 Dieterich IL 62424",http://www.ilga.gov/House/Members/rptMemberList,
illinoisHouse,102,Adam M. Niemerg,photo,unavailable,,http://www.ilga.gov/House/Members/Details/3392,Not published by official source
illinoisHouse,103,Carol Ammons,name,value,Carol Ammons,http://www.ilga.gov/House/Members/rptMemberList,
illinoisHouse,103,Carol Ammons,email,value,Assistance@StateRepCarolAmmons.com,http://www.ilga.gov/House/Members/rptMemberList,
illinoisHouse,103,Carol Ammons,phone,value,(217) 666-7521,http://www.ilga.gov/House/Members/rptMemberList,
illinoisHouse,103,Carol Ammons,address,value,300 S. Broadway Suite154 A Urbana IL 61802,http://www.ilga.gov/House/Members/rptMemberList,
illinoisHouse,103,Carol Ammons,photo,unavailable,,http://www.ilga.gov/House/Members/Details/3309,Not published by official source
illinoisHouse,104,Brandun Schweizer,name,value,Brandun Schweizer,http://www.ilga.gov/House/Members/rptMemberList,
illinoisHouse,104,Brandun Schweizer,email,value,repschweizer@district104.com,http://www.ilga.gov/House/Members/rptMemberList,
illinoisHouse,104,Brandun Schweizer,phone,value,(217) 477-0104,http://www.ilga.gov/House/Members/rptMemberList,
illinoisHouse,104,Brandun Schweizer,address,value,3821 N. Vermilion Ste. 5 Danville IL 61832,http://www.ilga.gov/House/Members/rptMemberList,
illinoisHouse,104,Brandun Schweizer,photo,unavailable,,http://www.ilga.gov/House/Members/Details/3446,Not published by official source
illinoisHouse,105,Dennis Tipsword,name,value,Dennis Tipsword,http://www.ilga.gov/House/Members/rptMemberList,
illinoisHouse,105,Dennis Tipsword,email,value,tipsword@ilhousegop.org,http://www.ilga.gov/House/Members/rptMemberList,
illinoisHouse,105,Dennis Tipsword,phone,value,(815) 844-9344,http://www.ilga.gov/House/Members/rptMemberList,
illinoisHouse,105,Dennis Tipsword,address,value,305 W. Madison St. Pontiac IL 61764,http://www.ilga.gov/House/Members/rptMemberList,
illinoisHouse,105,Dennis Tipsword,photo,unavailable,,http://www.ilga.gov/House/Members/Details/3433,Not published by official source
illinoisHouse,106,Jason R. Bunting,name,value,Jason R. Bunting,http://www.ilga.gov/House/Members/rptMemberList,
illinoisHouse,106,Jason R. Bunting,email,value,bunting@ilhousegop.org,http://www.ilga.gov/House/Members/rptMemberList,
illinoisHouse,106,Jason R. Bunting,phone,value,(779) 218-3070,http://www.ilga.gov/House/Members/rptMemberList,
illinoisHouse,106,Jason R. Bunting,address,value,342 W. Walnut St Suite 2 Watseka IL 60970,http://www.ilga.gov/House/Members/rptMemberList,
illinoisHouse,106,Jason R. Bunting,photo,unavailable,,http://www.ilga.gov/House/Members/Details/3439,Not published by official source
illinoisHouse,107,Brad Halbrook,name,value,Brad Halbrook,http://www.ilga.gov/House/Members/rptMemberList,
illinoisHouse,107,Brad Halbrook,email,value,Halbrook@ilhousegop.org,http://www.ilga.gov/House/Members/rptMemberList,
illinoisHouse,107,Brad Halbrook,phone,value,(217) 342-0220,http://www.ilga.gov/House/Members/rptMemberList,
illinoisHouse,107,Brad Halbrook,address,value,"304 E. Jefferson Ave, Suite A Effingham IL 62401",http://www.ilga.gov/House/Members/rptMemberList,
illinoisHouse,107,Brad Halbrook,photo,unavailable,,http://www.ilga.gov/House/Members/Details/3328,Not published by official source
illinoisHouse,108,Wayne A. Rosenthal,name,value,Wayne A. Rosenthal,http://www.ilga.gov/House/Members/rptMemberList,
illinoisHouse,108,Wayne A. Rosenthal,email,value,Rosenthal@ilhousegop.org,http://www.ilga.gov/House/Members/rptMemberList,
illinoisHouse,108,Wayne A. Rosenthal,phone,value,(217) 782-8071,http://www.ilga.gov/House/Members/rptMemberList,
illinoisHouse,108,Wayne A. Rosenthal,address,value,E-1 Stratton Office Building 401 S. Spring St. Springfield IL 62706,http://www.ilga.gov/House/Members/rptMemberList,
illinoisHouse,108,Wayne A. Rosenthal,photo,unavailable,,http://www.ilga.gov/House/Members/Details/3434,Not published by official source
illinoisHouse,109,Charles Meier,name,value,Charles Meier,http://www.ilga.gov/House/Members/rptMemberList,
illinoisHouse,109,Charles Meier,email,value,repcmeier@gmail.com,http://www.ilga.gov/House/Members/rptMemberList,
illinoisHouse,109,Charles Meier,phone,value,(618) 651-0413,http://www.ilga.gov/House/Members/rptMemberList,
illinoisHouse,109,Charles Meier,address,value,121 Broadway Suite 1 Highland IL 62249,http://www.ilga.gov/House/Members/rptMemberList,
illinoisHouse,109,Charles Meier,photo,unavailable,,http://www.ilga.gov/House/Members/Details/3305,Not published by official source
illinoisHouse,110,Blaine Wilhour,name,value,Blaine Wilhour,http://www.ilga.gov/House/Members/rptMemberList,
illinoisHouse,110,Blaine Wilhour,email,value,wilhour@ilhousegop.org,http://www.ilga.gov/House/Members/rptMemberList,
illinoisHouse,110,Blaine Wilhour,phone,value,(618) 665-4109,http://www.ilga.gov/House/Members/rptMemberList,
illinoisHouse,110,Blaine Wilhour,address,value,152 South Church Street P.O. Box I Louisville IL 62858,http://www.ilga.gov/House/Members/rptMemberList,
illinoisHouse,110,Blaine Wilhour,photo,unavailable,,http://www.ilga.gov/House/Members/Details/3365,Not published by official source
illinoisHouse,111,Amy Elik,name,value,Amy Elik,http://www.ilga.gov/House/Members/rptMemberList,
illinoisHouse,111,Amy Elik,email,value,elik@ilhousegop.org,http://www.ilga.gov/House/Members/rptMemberList,
illinoisHouse,111,Amy Elik,phone,value,(618) 433-8046,http://www.ilga.gov/House/Members/rptMemberList,
illinoisHouse,111,Amy Elik,address,value,192 Alton Square Mall Dr. Suite C Alton IL 62002,http://www.ilga.gov/House/Members/rptMemberList,
illinoisHouse,111,Amy Elik,photo,unavailable,,http://www.ilga.gov/House/Members/Details/3393,Not published by official source
illinoisHouse,112,Katie Stuart,name,value,Katie Stuart,http://www.ilga.gov/House/Members/rptMemberList,
illinoisHouse,112,Katie Stuart,email,value,repkatiestuart@gmail.com,http://www.ilga.gov/House/Members/rptMemberList,
illinoisHouse,112,Katie Stuart,phone,value,(618) 365-6650,http://www.ilga.gov/House/Members/rptMemberList,
illinoisHouse,112,Katie Stuart,address,value,2105 Vandalia St. Unit #16 Collinsville IL 62234,http://www.ilga.gov/House/Members/rptMemberList,
illinoisHouse,112,Katie Stuart,photo,unavailable,,http://www.ilga.gov/House/Members/Details/3326,Not published by official source
illinoisHouse,113,Jay Hoffman,name,value,Jay Hoffman,http://www.ilga.gov/House/Members/rptMemberList,
illinoisHouse,113,Jay Hoffman,email,value,repjayhoffman@gmail.com,http://www.ilga.gov/House/Members/rptMemberList,
illinoisHouse,113,Jay Hoffman,phone,value,(618) 416-7407,http://www.ilga.gov/House/Members/rptMemberList,
illinoisHouse,113,Jay Hoffman,address,value,2300 W Main St Suite M200 Belleville 62226,http://www.ilga.gov/House/Members/rptMemberList,
illinoisHouse,113,Jay Hoffman,photo,unavailable,,http://www.ilga.gov/House/Members/Details/3306,Not published by official source
illinoisHouse,114,Kevin Schmidt,name,value,Kevin Schmidt,http://www.ilga.gov/House/Members/rptMemberList,
illinoisHouse,114,Kevin Schmidt,email,value,schmidt@ilhousegop.org,http://www.ilga.gov/House/Members/rptMemberList,
illinoisHouse,114,Kevin Schmidt,phone,value,(618) 215-1050,http://www.ilga.gov/House/Members/rptMemberList,
illinoisHouse,114,Kevin Schmidt,address,value,4041 Mississippi Avenue Cahokia Heights IL 62206,http://www.ilga.gov/House/Members/rptMemberList,
illinoisHouse,114,Kevin Schmidt,photo,unavailable,,http://www.ilga.gov/House/Members/Details/3436,Not published by official source
illinoisHouse,115,David Friess,name,value,David Friess,http://www.ilga.gov/House/Members/rptMemberList,
illinoisHouse,115,David Friess,email,value,friess@ilhousegop.org,http://www.ilga.gov/House/Members/rptMemberList,
illinoisHouse,115,David Friess,phone,value,(618) 282-7284,http://www.ilga.gov/House/Members/rptMemberList,
illinoisHouse,115,David Friess,address,value,143 S. Main Street Red Bud IL 62278,http://www.ilga.gov/House/Members/rptMemberList,
illinoisHouse,115,David Friess,photo,unavailable,,http://www.ilga.gov/House/Members/Details/3395,Not published by official source
illinoisHouse,116,Dave Severin,name,value,Dave Severin,http://www.ilga.gov/House/Members/rptMemberList,
illinoisHouse,116,Dave Severin,email,value,severin@ilhousegop.org,http://www.ilga.gov/House/Members/rptMemberList,
illinoisHouse,116,Dave Severin,phone,value,(618) 440-5091,http://www.ilga.gov/House/Members/rptMemberList,
illinoisHouse,116,Dave Severin,address,value,805 North Main Street Benton IL 62812,http://www.ilga.gov/House/Members/rptMemberList,
illinoisHouse,116,Dave Severin,photo,unavailable,,http://www.ilga.gov/House/Members/Details/3324,Not published by official source
illinoisHouse,117,Patrick Windhorst,name,value,Patrick Windhorst,http://www.ilga.gov/House/Members/rptMemberList,
illinoisHouse,117,Patrick Windhorst,email,value,windhorst@ilhousegop.org,http://www.ilga.gov/House/Members/rptMemberList,
illinoisHouse,117,Patrick Windhorst,phone,value,(618) 294-8703,http://www.ilga.gov/House/Members/rptMemberList,
illinoisHouse,117,Patrick Windhorst,address,value,2 N. Vine St. Suite 5A Harrisburg IL 62946,http://www.ilga.gov/House/Members/rptMemberList,
illinoisHouse,117,Patrick Windhorst,photo,unavailable,,http://www.ilga.gov/House/Members/Details/3364,Not published by official source
illinoisHouse,118,Paul Jacobs,name,value,Paul Jacobs,http://www.ilga.gov/House/Members/rptMemberList,
illinoisHouse,118,Paul Jacobs,email,unavailable,,http://www.ilga.gov/House/Members/rptMemberList,Not published by official source
illinoisHouse,118,Paul Jacobs,phone,value,(618) 559-7018,http://www.ilga.gov/House/Members/rptMemberList,
illinoisHouse,118,Paul Jacobs,address,value,"118th District 234-N Stratton Office Building Springfield, IL 62706 600 Halfway Rd Suite 103 Marion IL 62959",http://www.ilga.gov/House/Members/rptMemberList,
illinoisHouse,118,Paul Jacobs,photo,unavailable,,http://www.ilga.gov/House/Members/Details/3394,Not published by official source
illinoisSenate,1,Javier L. Cervantes,name,value,Javier L. Cervantes,http://www.ilga.gov/Senate/Members/rptMemberList,
illinoisSenate,1,Javier L. Cervantes,email,unavailable,,http://www.ilga.gov/Senate/Members/rptMemberList,Not published by official source
illinoisSenate,1,Javier L. Cervantes,phone,value,(773) 869-9050,http://www.ilga.gov/Senate/Members/rptMemberList,
illinoisSenate,1,Javier L. Cervantes,address,value,"6729 Stanley Ave. 1st Floor, Suite A Berwyn IL 60402",http://www.ilga.gov/Senate/Members/rptMemberList,
illinoisSenate,1,Javier L. Cervantes,photo,unavailable,,http://www.ilga.gov/Senate/Members/Details/3403,Not published by official source
illinoisSenate,2,Omar Aquino,name,value,Omar Aquino,http://www.ilga.gov/Senate/Members/rptMemberList,
illinoisSenate,2,Omar Aquino,email,unavailable,,http://www.ilga.gov/Senate/Members/rptMemberList,Not published by official source
illinoisSenate,2,Omar Aquino,phone,value,(773) 292-0202,http://www.ilga.gov/Senate/Members/rptMemberList,
illinoisSenate,2,Omar Aquino,address,value,4053 W. Armitage Ave. Chicago IL 60639,http://www.ilga.gov/Senate/Members/rptMemberList,
illinoisSenate,2,Omar Aquino,photo,unavailable,,http://www.ilga.gov/Senate/Members/Details/3316,Not published by official source
illinoisSenate,3,Mattie Hunter,name,value,Mattie Hunter,http://www.ilga.gov/Senate/Members/rptMemberList,
illinoisSenate,3,Mattie Hunter,email,unavailable,,http://www.ilga.gov/Senate/Members/rptMemberList,Not published by official source
illinoisSenate,3,Mattie Hunter,phone,value,(312) 949-1908,http://www.ilga.gov/Senate/Members/rptMemberList,
illinoisSenate,3,Mattie Hunter,address,value,2929 S. Wabash Ave. Suite 102 Chicago IL 60616,http://www.ilga.gov/Senate/Members/rptMemberList,
illinoisSenate,3,Mattie Hunter,photo,unavailable,,http://www.ilga.gov/Senate/Members/Details/3269,Not published by official source
illinoisSenate,4,Kimberly A. Lightford,name,value,Kimberly A. Lightford,http://www.ilga.gov/Senate/Members/rptMemberList,
illinoisSenate,4,Kimberly A. Lightford,email,unavailable,,http://www.ilga.gov/Senate/Members/rptMemberList,Not published by official source
illinoisSenate,4,Kimberly A. Lightford,phone,value,(708) 632-4500,http://www.ilga.gov/Senate/Members/rptMemberList,
illinoisSenate,4,Kimberly A. Lightford,address,value,"High Point Plaza, 4415 Harrison St. Suite 550 Hillside IL 60162",http://www.ilga.gov/Senate/Members/rptMemberList,
illinoisSenate,4,Kimberly A. Lightford,photo,unavailable,,http://www.ilga.gov/Senate/Members/Details/3264,Not published by official source
illinoisSenate,5,Lakesia Collins,name,value,Lakesia Collins,http://www.ilga.gov/Senate/Members/rptMemberList,
illinoisSenate,5,Lakesia Collins,email,unavailable,,http://www.ilga.gov/Senate/Members/rptMemberList,Not published by official source
illinoisSenate,5,Lakesia Collins,phone,value,(312) 298-9181,http://www.ilga.gov/Senate/Members/rptMemberList,
illinoisSenate,5,Lakesia Collins,address,value,2165 S. Millard Ave. Chicago IL 60623,http://www.ilga.gov/Senate/Members/rptMemberList,
illinoisSenate,5,Lakesia Collins,photo,unavailable,,http://www.ilga.gov/Senate/Members/Details/3443,Not published by official source
illinoisSenate,6,Sara Feigenholtz,name,value,Sara Feigenholtz,http://www.ilga.gov/Senate/Members/rptMemberList,
illinoisSenate,6,Sara Feigenholtz,email,unavailable,,http://www.ilga.gov/Senate/Members/rptMemberList,Not published by official source
illinoisSenate,6,Sara Feigenholtz,phone,value,(773) 296-4141,http://www.ilga.gov/Senate/Members/rptMemberList,
illinoisSenate,6,Sara Feigenholtz,address,value,3223 N. Sheffield Suite A Chicago IL 60657,http://www.ilga.gov/Senate/Members/rptMemberList,
illinoisSenate,6,Sara Feigenholtz,photo,unavailable,,http://www.ilga.gov/Senate/Members/Details/3376,Not published by official source
illinoisSenate,7,Mike Simmons,name,value,Mike Simmons,http://www.ilga.gov/Senate/Members/rptMemberList,
illinoisSenate,7,Mike Simmons,email,unavailable,,http://www.ilga.gov/Senate/Members/rptMemberList,Not published by official source
illinoisSenate,7,Mike Simmons,phone,value,(773) 769-1717,http://www.ilga.gov/Senate/Members/rptMemberList,
illinoisSenate,7,Mike Simmons,address,value,1040 W. Bryn Mawr Ave. Chicago IL 60660,http://www.ilga.gov/Senate/Members/rptMemberList,
illinoisSenate,7,Mike Simmons,photo,unavailable,,http://www.ilga.gov/Senate/Members/Details/3398,Not published by official source
illinoisSenate,8,Ram Villivalam,name,value,Ram Villivalam,http://www.ilga.gov/Senate/Members/rptMemberList,
illinoisSenate,8,Ram Villivalam,email,unavailable,,http://www.ilga.gov/Senate/Members/rptMemberList,Not published by official source
illinoisSenate,8,Ram Villivalam,phone,value,(872) 208-5188,http://www.ilga.gov/Senate/Members/rptMemberList,
illinoisSenate,8,Ram Villivalam,address,value,3851 W. Devon Ave. Chicago IL 60659,http://www.ilga.gov/Senate/Members/rptMemberList,
illinoisSenate,8,Ram Villivalam,photo,unavailable,,http://www.ilga.gov/Senate/Members/Details/3345,Not published by official source
illinoisSenate,9,Laura Fine,name,value,Laura Fine,http://www.ilga.gov/Senate/Members/rptMemberList,
illinoisSenate,9,Laura Fine,email,unavailable,,http://www.ilga.gov/Senate/Members/rptMemberList,Not published by official source
illinoisSenate,9,Laura Fine,phone,value,(847) 998-1717,http://www.ilga.gov/Senate/Members/rptMemberList,
illinoisSenate,9,Laura Fine,address,value,1812 Waukegan Rd. Suite A Glenview IL 60025,http://www.ilga.gov/Senate/Members/rptMemberList,
illinoisSenate,9,Laura Fine,photo,unavailable,,http://www.ilga.gov/Senate/Members/Details/3338,Not published by official source
illinoisSenate,10,Robert F. Martwick,name,value,Robert F. Martwick,http://www.ilga.gov/Senate/Members/rptMemberList,
illinoisSenate,10,Robert F. Martwick,email,unavailable,,http://www.ilga.gov/Senate/Members/rptMemberList,Not published by official source
illinoisSenate,10,Robert F. Martwick,phone,value,(773) 286-1115,http://www.ilga.gov/Senate/Members/rptMemberList,
illinoisSenate,10,Robert F. Martwick,address,value,4349 N. Milwaukee Ave. Chicago IL 60641,http://www.ilga.gov/Senate/Members/rptMemberList,
illinoisSenate,10,Robert F. Martwick,photo,unavailable,,http://www.ilga.gov/Senate/Members/Details/3369,Not published by official source
illinoisSenate,11,Mike Porfirio,name,value,Mike Porfirio,http://www.ilga.gov/Senate/Members/rptMemberList,
illinoisSenate,11,Mike Porfirio,email,unavailable,,http://www.ilga.gov/Senate/Members/rptMemberList,Not published by official source
illinoisSenate,11,Mike Porfirio,phone,value,(708) 430-2510,http://www.ilga.gov/Senate/Members/rptMemberList,
illinoisSenate,11,Mike Porfirio,address,value,6215 W. 79th St. Suite 1A Burbank IL 60459,http://www.ilga.gov/Senate/Members/rptMemberList,
illinoisSenate,11,Mike Porfirio,photo,unavailable,,http://www.ilga.gov/Senate/Members/Details/3404,Not published by official source
illinoisSenate,12,Celina Villanueva,name,value,Celina Villanueva,http://www.ilga.gov/Senate/Members/rptMemberList,
illinoisSenate,12,Celina Villanueva,email,unavailable,,http://www.ilga.gov/Senate/Members/rptMemberList,Not published by official source
illinoisSenate,12,Celina Villanueva,phone,value,(773) 565-4661,http://www.ilga.gov/Senate/Members/rptMemberList,
illinoisSenate,12,Celina Villanueva,address,value,2501 S. Central Park Ave. Front Suite Chicago IL 60623,http://www.ilga.gov/Senate/Members/rptMemberList,
illinoisSenate,12,Celina Villanueva,photo,unavailable,,http://www.ilga.gov/Senate/Members/Details/3375,Not published by official source
illinoisSenate,13,Robert Peters,name,value,Robert Peters,http://www.ilga.gov/Senate/Members/rptMemberList,
illinoisSenate,13,Robert Peters,email,unavailable,,http://www.ilga.gov/Senate/Members/rptMemberList,Not published by official source
illinoisSenate,13,Robert Peters,phone,value,(773) 363-1996,http://www.ilga.gov/Senate/Members/rptMemberList,
illinoisSenate,13,Robert Peters,address,value,1304 E. 47th St. Suite 205 Chicago IL 60615,http://www.ilga.gov/Senate/Members/rptMemberList,
illinoisSenate,13,Robert Peters,photo,unavailable,,http://www.ilga.gov/Senate/Members/Details/3343,Not published by official source
illinoisSenate,14,"Emil Jones, III",name,value,"Emil Jones, III",http://www.ilga.gov/Senate/Members/rptMemberList,
illinoisSenate,14,"Emil Jones, III",email,unavailable,,http://www.ilga.gov/Senate/Members/rptMemberList,Not published by official source
illinoisSenate,14,"Emil Jones, III",phone,value,(773) 995-7748,http://www.ilga.gov/Senate/Members/rptMemberList,
illinoisSenate,14,"Emil Jones, III",address,value,845 W. 115th St. Chicago IL 60643,http://www.ilga.gov/Senate/Members/rptMemberList,
illinoisSenate,14,"Emil Jones, III",photo,unavailable,,http://www.ilga.gov/Senate/Members/Details/3276,Not published by official source
illinoisSenate,15,"Napoleon Harris, III",name,value,"Napoleon Harris, III",http://www.ilga.gov/Senate/Members/rptMemberList,
illinoisSenate,15,"Napoleon Harris, III",email,unavailable,,http://www.ilga.gov/Senate/Members/rptMemberList,Not published by official source
illinoisSenate,15,"Napoleon Harris, III",phone,value,(708) 893-0552,http://www.ilga.gov/Senate/Members/rptMemberList,
illinoisSenate,15,"Napoleon Harris, III",address,value,930 W. 175th St. Suite 3W Homewood IL 60430,http://www.ilga.gov/Senate/Members/rptMemberList,
illinoisSenate,15,"Napoleon Harris, III",photo,unavailable,,http://www.ilga.gov/Senate/Members/Details/3292,Not published by official source
illinoisSenate,16,Willie Preston,name,value,Willie Preston,http://www.ilga.gov/Senate/Members/rptMemberList,
illinoisSenate,16,Willie Preston,email,unavailable,,http://www.ilga.gov/Senate/Members/rptMemberList,Not published by official source
illinoisSenate,16,Willie Preston,phone,value,(773) 912-6255,http://www.ilga.gov/Senate/Members/rptMemberList,
illinoisSenate,16,Willie Preston,address,value,8500 S. Pulaski Rd. Chicago IL 60652,http://www.ilga.gov/Senate/Members/rptMemberList,
illinoisSenate,16,Willie Preston,photo,unavailable,,http://www.ilga.gov/Senate/Members/Details/3405,Not published by official source
illinoisSenate,17,"Elgie R. Sims, Jr.",name,value,"Elgie R. Sims, Jr.",http://www.ilga.gov/Senate/Members/rptMemberList,
illinoisSenate,17,"Elgie R. Sims, Jr.",email,unavailable,,http://www.ilga.gov/Senate/Members/rptMemberList,Not published by official source
illinoisSenate,17,"Elgie R. Sims, Jr.",phone,value,(773) 933-7715,http://www.ilga.gov/Senate/Members/rptMemberList,
illinoisSenate,17,"Elgie R. Sims, Jr.",address,value,8233 S. Princeton Ave. Chicago IL 60620,http://www.ilga.gov/Senate/Members/rptMemberList,
illinoisSenate,17,"Elgie R. Sims, Jr.",photo,unavailable,,http://www.ilga.gov/Senate/Members/Details/3331,Not published by official source
illinoisSenate,18,Bill Cunningham,name,value,Bill Cunningham,http://www.ilga.gov/Senate/Members/rptMemberList,
illinoisSenate,18,Bill Cunningham,email,unavailable,,http://www.ilga.gov/Senate/Members/rptMemberList,Not published by official source
illinoisSenate,18,Bill Cunningham,phone,value,(773) 445-8128,http://www.ilga.gov/Senate/Members/rptMemberList,
illinoisSenate,18,Bill Cunningham,address,value,10400 S. Western Ave. Chicago IL 60643,http://www.ilga.gov/Senate/Members/rptMemberList,
illinoisSenate,18,Bill Cunningham,photo,unavailable,,http://www.ilga.gov/Senate/Members/Details/3291,Not published by official source
illinoisSenate,19,Michael E. Hastings,name,value,Michael E. Hastings,http://www.ilga.gov/Senate/Members/rptMemberList,
illinoisSenate,19,Michael E. Hastings,email,unavailable,,http://www.ilga.gov/Senate/Members/rptMemberList,Not published by official source
illinoisSenate,19,Michael E. Hastings,phone,value,(815) 464-5431,http://www.ilga.gov/Senate/Members/rptMemberList,
illinoisSenate,19,Michael E. Hastings,address,value,20855 S. LaGrange Rd. Suite 102 Frankfort IL 60423,http://www.ilga.gov/Senate/Members/rptMemberList,
illinoisSenate,19,Michael E. Hastings,photo,unavailable,,http://www.ilga.gov/Senate/Members/Details/3293,Not published by official source
illinoisSenate,20,Graciela Guzmán,name,value,Graciela Guzmán,http://www.ilga.gov/Senate/Members/rptMemberList,
illinoisSenate,20,Graciela Guzmán,email,unavailable,,http://www.ilga.gov/Senate/Members/rptMemberList,Not published by official source
illinoisSenate,20,Graciela Guzmán,phone,value,(773) 278-2020,http://www.ilga.gov/Senate/Members/rptMemberList,
illinoisSenate,20,Graciela Guzmán,address,value,3140 W. Montrose Chicago IL 60618,http://www.ilga.gov/Senate/Members/rptMemberList,
illinoisSenate,20,Graciela Guzmán,photo,unavailable,,http://www.ilga.gov/Senate/Members/Details/3442,Not published by official source
illinoisSenate,21,Laura Ellman,name,value,Laura Ellman,http://www.ilga.gov/Senate/Members/rptMemberList,
illinoisSenate,21,Laura Ellman,email,unavailable,,http://www.ilga.gov/Senate/Members/rptMemberList,Not published by official source
illinoisSenate,21,Laura Ellman,phone,value,(630) 601-9961,http://www.ilga.gov/Senate/Members/rptMemberList,
illinoisSenate,21,Laura Ellman,address,value,24W500 Maple Ave. Suite 215 Naperville IL 60540,http://www.ilga.gov/Senate/Members/rptMemberList,
illinoisSenate,21,Laura Ellman,photo,unavailable,,http://www.ilga.gov/Senate/Members/Details/3339,Not published by official source
illinoisSenate,22,Cristina Castro,name,value,Cristina Castro,http://www.ilga.gov/Senate/Members/rptMemberList,
illinoisSenate,22,Cristina Castro,email,unavailable,,http://www.ilga.gov/Senate/Members/rptMemberList,Not published by official source
illinoisSenate,22,Cristina Castro,phone,value,(847) 214-8864,http://www.ilga.gov/Senate/Members/rptMemberList,
illinoisSenate,22,Cristina Castro,address,value,164 E. Chicago St. Suite 201 Elgin IL 60120,http://www.ilga.gov/Senate/Members/rptMemberList,
illinoisSenate,22,Cristina Castro,photo,unavailable,,http://www.ilga.gov/Senate/Members/Details/3317,Not published by official source
illinoisSenate,23,Suzy Glowiak Hilton,name,value,Suzy Glowiak Hilton,http://www.ilga.gov/Senate/Members/rptMemberList,
illinoisSenate,23,Suzy Glowiak Hilton,email,unavailable,,http://www.ilga.gov/Senate/Members/rptMemberList,Not published by official source
illinoisSenate,23,Suzy Glowiak Hilton,phone,value,(630) 785-3177,http://www.ilga.gov/Senate/Members/rptMemberList,
illinoisSenate,23,Suzy Glowiak Hilton,address,value,1 S. Cass Ave. Suite 203 Westmont IL 60559,http://www.ilga.gov/Senate/Members/rptMemberList,
illinoisSenate,23,Suzy Glowiak Hilton,photo,unavailable,,http://www.ilga.gov/Senate/Members/Details/3341,Not published by official source
illinoisSenate,24,Seth Lewis,name,value,Seth Lewis,http://www.ilga.gov/Senate/Members/rptMemberList,
illinoisSenate,24,Seth Lewis,email,unavailable,,http://www.ilga.gov/Senate/Members/rptMemberList,Not published by official source
illinoisSenate,24,Seth Lewis,phone,value,(630) 349-0645,http://www.ilga.gov/Senate/Members/rptMemberList,
illinoisSenate,24,Seth Lewis,address,value,994 W. Army Trail Road Carol Stream IL 60188,http://www.ilga.gov/Senate/Members/rptMemberList,
illinoisSenate,24,Seth Lewis,photo,unavailable,,http://www.ilga.gov/Senate/Members/Details/3406,Not published by official source
illinoisSenate,25,Karina Villa,name,value,Karina Villa,http://www.ilga.gov/Senate/Members/rptMemberList,
illinoisSenate,25,Karina Villa,email,unavailable,,http://www.ilga.gov/Senate/Members/rptMemberList,Not published by official source
illinoisSenate,25,Karina Villa,phone,value,(630) 326-9319,http://www.ilga.gov/Senate/Members/rptMemberList,
illinoisSenate,25,Karina Villa,address,value,946 N. Neltnor Blvd. Suite 104 West Chicago IL 60185,http://www.ilga.gov/Senate/Members/rptMemberList,
illinoisSenate,25,Karina Villa,photo,unavailable,,http://www.ilga.gov/Senate/Members/Details/3385,Not published by official source
illinoisSenate,26,Darby A. Hills,name,value,Darby A. Hills,http://www.ilga.gov/Senate/Members/rptMemberList,
illinoisSenate,26,Darby A. Hills,email,unavailable,,http://www.ilga.gov/Senate/Members/rptMemberList,Not published by official source
illinoisSenate,26,Darby A. Hills,phone,value,(224) 662-4544,http://www.ilga.gov/Senate/Members/rptMemberList,
illinoisSenate,26,Darby A. Hills,address,value,795 Ela Road Suite 208 Lake Zurich IL 60047,http://www.ilga.gov/Senate/Members/rptMemberList,
illinoisSenate,26,Darby A. Hills,photo,unavailable,,http://www.ilga.gov/Senate/Members/Details/3460,Not published by official source
illinoisSenate,27,Mark L. Walker,name,value,Mark L. Walker,http://www.ilga.gov/Senate/Members/rptMemberList,
illinoisSenate,27,Mark L. Walker,email,unavailable,,http://www.ilga.gov/Senate/Members/rptMemberList,Not published by official source
illinoisSenate,27,Mark L. Walker,phone,value,(847) 749-1880,http://www.ilga.gov/Senate/Members/rptMemberList,
illinoisSenate,27,Mark L. Walker,address,value,171 W. Wing St. Suite 202 Arlington Heights IL 60005,http://www.ilga.gov/Senate/Members/rptMemberList,
illinoisSenate,27,Mark L. Walker,photo,unavailable,,http://www.ilga.gov/Senate/Members/Details/3449,Not published by official source
illinoisSenate,28,Laura M. Murphy,name,value,Laura M. Murphy,http://www.ilga.gov/Senate/Members/rptMemberList,
illinoisSenate,28,Laura M. Murphy,email,unavailable,,http://www.ilga.gov/Senate/Members/rptMemberList,Not published by official source
illinoisSenate,28,Laura M. Murphy,phone,value,(847) 718-1110,http://www.ilga.gov/Senate/Members/rptMemberList,
illinoisSenate,28,Laura M. Murphy,address,value,1645 S. River Rd. Suite 7 Des Plaines IL 60018,http://www.ilga.gov/Senate/Members/rptMemberList,
illinoisSenate,28,Laura M. Murphy,photo,unavailable,,http://www.ilga.gov/Senate/Members/Details/3313,Not published by official source
illinoisSenate,29,Julie A. Morrison,name,value,Julie A. Morrison,http://www.ilga.gov/Senate/Members/rptMemberList,
illinoisSenate,29,Julie A. Morrison,email,unavailable,,http://www.ilga.gov/Senate/Members/rptMemberList,Not published by official source
illinoisSenate,29,Julie A. Morrison,phone,value,(847) 945-5200,http://www.ilga.gov/Senate/Members/rptMemberList,
illinoisSenate,29,Julie A. Morrison,address,value,400 Lake Cook Rd. Suite 100B Deerfield IL 60015,http://www.ilga.gov/Senate/Members/rptMemberList,
illinoisSenate,29,Julie A. Morrison,photo,unavailable,,http://www.ilga.gov/Senate/Members/Details/3294,Not published by official source
illinoisSenate,30,Adriane Johnson,name,value,Adriane Johnson,http://www.ilga.gov/Senate/Members/rptMemberList,
illinoisSenate,30,Adriane Johnson,email,unavailable,,http://www.ilga.gov/Senate/Members/rptMemberList,Not published by official source
illinoisSenate,30,Adriane Johnson,phone,value,(847) 672-6201,http://www.ilga.gov/Senate/Members/rptMemberList,
illinoisSenate,30,Adriane Johnson,address,value,149 S. Genesee St. Waukegan IL 60085,http://www.ilga.gov/Senate/Members/rptMemberList,
illinoisSenate,30,Adriane Johnson,photo,unavailable,,http://www.ilga.gov/Senate/Members/Details/3378,Not published by official source
illinoisSenate,31,Mary Edly-Allen,name,value,Mary Edly-Allen,http://www.ilga.gov/Senate/Members/rptMemberList,
illinoisSenate,31,Mary Edly-Allen,email,unavailable,,http://www.ilga.gov/Senate/Members/rptMemberList,Not published by official source
illinoisSenate,31,Mary Edly-Allen,phone,value,(847) 548-5631,http://www.ilga.gov/Senate/Members/rptMemberList,
illinoisSenate,31,Mary Edly-Allen,address,value,10 N. Lake St. Suite 112 Grayslake IL 60030,http://www.ilga.gov/Senate/Members/rptMemberList,
illinoisSenate,31,Mary Edly-Allen,photo,unavailable,,http://www.ilga.gov/Senate/Members/Details/3407,Not published by official source
illinoisSenate,32,Craig Wilcox,name,value,Craig Wilcox,http://www.ilga.gov/Senate/Members/rptMemberList,
illinoisSenate,32,Craig Wilcox,email,unavailable,,http://www.ilga.gov/Senate/Members/rptMemberList,Not published by official source
illinoisSenate,32,Craig Wilcox,phone,value,(815) 455-6330,http://www.ilga.gov/Senate/Members/rptMemberList,
illinoisSenate,32,Craig Wilcox,address,value,209 North Benton Street Woodstock IL 60098,http://www.ilga.gov/Senate/Members/rptMemberList,
illinoisSenate,32,Craig Wilcox,photo,unavailable,,http://www.ilga.gov/Senate/Members/Details/3336,Not published by official source
illinoisSenate,33,Donald P. DeWitte,name,value,Donald P. DeWitte,http://www.ilga.gov/Senate/Members/rptMemberList,
illinoisSenate,33,Donald P. DeWitte,email,unavailable,,http://www.ilga.gov/Senate/Members/rptMemberList,Not published by official source
illinoisSenate,33,Donald P. DeWitte,phone,value,(847) 214-8245,http://www.ilga.gov/Senate/Members/rptMemberList,
illinoisSenate,33,Donald P. DeWitte,address,value,641 S. 8th St. West Dundee IL 60118,http://www.ilga.gov/Senate/Members/rptMemberList,
illinoisSenate,33,Donald P. DeWitte,photo,unavailable,,http://www.ilga.gov/Senate/Members/Details/3334,Not published by official source
illinoisSenate,34,Steve Stadelman,name,value,Steve Stadelman,http://www.ilga.gov/Senate/Members/rptMemberList,
illinoisSenate,34,Steve Stadelman,email,unavailable,,http://www.ilga.gov/Senate/Members/rptMemberList,Not published by official source
illinoisSenate,34,Steve Stadelman,phone,value,(815) 987-7557,http://www.ilga.gov/Senate/Members/rptMemberList,
illinoisSenate,34,Steve Stadelman,address,value,"Zeke Giorgi Center 200 S. Wyman, Suite 301 Rockford IL 61101",http://www.ilga.gov/Senate/Members/rptMemberList,
illinoisSenate,34,Steve Stadelman,photo,unavailable,,http://www.ilga.gov/Senate/Members/Details/3296,Not published by official source
illinoisSenate,35,Dave Syverson,name,value,Dave Syverson,http://www.ilga.gov/Senate/Members/rptMemberList,
illinoisSenate,35,Dave Syverson,email,unavailable,,http://www.ilga.gov/Senate/Members/rptMemberList,Not published by official source
illinoisSenate,35,Dave Syverson,phone,value,(815) 987-7555,http://www.ilga.gov/Senate/Members/rptMemberList,
illinoisSenate,35,Dave Syverson,address,value,527 Colman Center Drive Cherry Valley IL 61108,http://www.ilga.gov/Senate/Members/rptMemberList,
illinoisSenate,35,Dave Syverson,photo,unavailable,,http://www.ilga.gov/Senate/Members/Details/3265,Not published by official source
illinoisSenate,36,Michael W. Halpin,name,value,Michael W. Halpin,http://www.ilga.gov/Senate/Members/rptMemberList,
illinoisSenate,36,Michael W. Halpin,email,unavailable,,http://www.ilga.gov/Senate/Members/rptMemberList,Not published by official source
illinoisSenate,36,Michael W. Halpin,phone,value,(309) 558-3612,http://www.ilga.gov/Senate/Members/rptMemberList,
illinoisSenate,36,Michael W. Halpin,address,value,"County Office Building, 1504 3rd Ave. 2nd Floor Rock Island IL 61201",http://www.ilga.gov/Senate/Members/rptMemberList,
illinoisSenate,36,Michael W. Halpin,photo,unavailable,,http://www.ilga.gov/Senate/Members/Details/3408,Not published by official source
illinoisSenate,37,"Li Arellano, Jr.",name,value,"Li Arellano, Jr.",http://www.ilga.gov/Senate/Members/rptMemberList,
illinoisSenate,37,"Li Arellano, Jr.",email,unavailable,,http://www.ilga.gov/Senate/Members/rptMemberList,Not published by official source
illinoisSenate,37,"Li Arellano, Jr.",phone,value,(779) 251-5003,http://www.ilga.gov/Senate/Members/rptMemberList,
illinoisSenate,37,"Li Arellano, Jr.",address,value,86 South Galena Ave. Suite 2 Dixon IL 61021,http://www.ilga.gov/Senate/Members/rptMemberList,
illinoisSenate,37,"Li Arellano, Jr.",photo,unavailable,,http://www.ilga.gov/Senate/Members/Details/3383,Not published by official source
illinoisSenate,38,Sue Rezin,name,value,Sue Rezin,http://www.ilga.gov/Senate/Members/rptMemberList,
illinoisSenate,38,Sue Rezin,email,unavailable,,http://www.ilga.gov/Senate/Members/rptMemberList,Not published by official source
illinoisSenate,38,Sue Rezin,phone,value,(815) 220-8720,http://www.ilga.gov/Senate/Members/rptMemberList,
illinoisSenate,38,Sue Rezin,address,value,1802 North Division Street Suite 314 Morris IL 60450,http://www.ilga.gov/Senate/Members/rptMemberList,
illinoisSenate,38,Sue Rezin,photo,unavailable,,http://www.ilga.gov/Senate/Members/Details/3281,Not published by official source
illinoisSenate,39,Don Harmon,name,value,Don Harmon,http://www.ilga.gov/Senate/Members/rptMemberList,
illinoisSenate,39,Don Harmon,email,unavailable,,http://www.ilga.gov/Senate/Members/rptMemberList,Not published by official source
illinoisSenate,39,Don Harmon,phone,value,(708) 848-2002,http://www.ilga.gov/Senate/Members/rptMemberList,
illinoisSenate,39,Don Harmon,address,value,6941 W. North Ave. Oak Park IL 60302,http://www.ilga.gov/Senate/Members/rptMemberList,
illinoisSenate,39,Don Harmon,photo,unavailable,,http://www.ilga.gov/Senate/Members/Details/3268,Not published by official source
illinoisSenate,40,Patrick J. Joyce,name,value,Patrick J. Joyce,http://www.ilga.gov/Senate/Members/rptMemberList,
illinoisSenate,40,Patrick J. Joyce,email,unavailable,,http://www.ilga.gov/Senate/Members/rptMemberList,Not published by official source
illinoisSenate,40,Patrick J. Joyce,phone,value,(708) 756-0882,http://www.ilga.gov/Senate/Members/rptMemberList,
illinoisSenate,40,Patrick J. Joyce,address,value,179 S. Wall St. Kankakee IL 60901,http://www.ilga.gov/Senate/Members/rptMemberList,
illinoisSenate,40,Patrick J. Joyce,photo,unavailable,,http://www.ilga.gov/Senate/Members/Details/3372,Not published by official source
illinoisSenate,41,John F. Curran,name,value,John F. Curran,http://www.ilga.gov/Senate/Members/rptMemberList,
illinoisSenate,41,John F. Curran,email,unavailable,,http://www.ilga.gov/Senate/Members/rptMemberList,Not published by official source
illinoisSenate,41,John F. Curran,phone,value,(630) 914-5733,http://www.ilga.gov/Senate/Members/rptMemberList,
illinoisSenate,41,John F. Curran,address,value,1011 State St. Suite 205 Lemont IL 60439,http://www.ilga.gov/Senate/Members/rptMemberList,
illinoisSenate,41,John F. Curran,photo,unavailable,,http://www.ilga.gov/Senate/Members/Details/3329,Not published by official source
illinoisSenate,42,Linda Holmes,name,value,Linda Holmes,http://www.ilga.gov/Senate/Members/rptMemberList,
illinoisSenate,42,Linda Holmes,email,unavailable,,http://www.ilga.gov/Senate/Members/rptMemberList,Not published by official source
illinoisSenate,42,Linda Holmes,phone,value,(630) 820-8650,http://www.ilga.gov/Senate/Members/rptMemberList,
illinoisSenate,42,Linda Holmes,address,value,4255 Westbrook Dr. Suite 216 Aurora IL 60504,http://www.ilga.gov/Senate/Members/rptMemberList,
illinoisSenate,42,Linda Holmes,photo,unavailable,,http://www.ilga.gov/Senate/Members/Details/3270,Not published by official source
illinoisSenate,43,Rachel Ventura,name,value,Rachel Ventura,http://www.ilga.gov/Senate/Members/rptMemberList,
illinoisSenate,43,Rachel Ventura,email,unavailable,,http://www.ilga.gov/Senate/Members/rptMemberList,Not published by official source
illinoisSenate,43,Rachel Ventura,phone,value,(331) 290-0443,http://www.ilga.gov/Senate/Members/rptMemberList,
illinoisSenate,43,Rachel Ventura,address,value,221 Springfield Ave. Unit 3 Joliet IL 60435,http://www.ilga.gov/Senate/Members/rptMemberList,
illinoisSenate,43,Rachel Ventura,photo,unavailable,,http://www.ilga.gov/Senate/Members/Details/3409,Not published by official source
illinoisSenate,44,Sally J. Turner,name,value,Sally J. Turner,http://www.ilga.gov/Senate/Members/rptMemberList,
illinoisSenate,44,Sally J. Turner,email,unavailable,,http://www.ilga.gov/Senate/Members/rptMemberList,Not published by official source
illinoisSenate,44,Sally J. Turner,phone,value,(217) 651-8291,http://www.ilga.gov/Senate/Members/rptMemberList,
illinoisSenate,44,Sally J. Turner,address,value,120 S. McLean St Suite E Lincoln IL 62656,http://www.ilga.gov/Senate/Members/rptMemberList,
illinoisSenate,44,Sally J. Turner,photo,unavailable,,http://www.ilga.gov/Senate/Members/Details/3397,Not published by official source
illinoisSenate,45,Andrew S. Chesney,name,value,Andrew S. Chesney,http://www.ilga.gov/Senate/Members/rptMemberList,
illinoisSenate,45,Andrew S. Chesney,email,unavailable,,http://www.ilga.gov/Senate/Members/rptMemberList,Not published by official source
illinoisSenate,45,Andrew S. Chesney,phone,value,(815) 232-0774,http://www.ilga.gov/Senate/Members/rptMemberList,
illinoisSenate,45,Andrew S. Chesney,address,value,50 West Douglas Street Stewart Center Suite 1001 Freeport IL 61032,http://www.ilga.gov/Senate/Members/rptMemberList,
illinoisSenate,45,Andrew S. Chesney,photo,unavailable,,http://www.ilga.gov/Senate/Members/Details/3410,Not published by official source
illinoisSenate,46,David Koehler,name,value,David Koehler,http://www.ilga.gov/Senate/Members/rptMemberList,
illinoisSenate,46,David Koehler,email,unavailable,,http://www.ilga.gov/Senate/Members/rptMemberList,Not published by official source
illinoisSenate,46,David Koehler,phone,value,(309) 677-0120,http://www.ilga.gov/Senate/Members/rptMemberList,
illinoisSenate,46,David Koehler,address,value,1203 E. Kingman Ave. Peoria Heights IL 61616,http://www.ilga.gov/Senate/Members/rptMemberList,
illinoisSenate,46,David Koehler,photo,unavailable,,http://www.ilga.gov/Senate/Members/Details/3271,Not published by official source
illinoisSenate,47,Neil Anderson,name,value,Neil Anderson,http://www.ilga.gov/Senate/Members/rptMemberList,
illinoisSenate,47,Neil Anderson,email,unavailable,,http://www.ilga.gov/Senate/Members/rptMemberList,Not published by official source
illinoisSenate,47,Neil Anderson,phone,value,(309) 230-7584,http://www.ilga.gov/Senate/Members/rptMemberList,
illinoisSenate,47,Neil Anderson,address,value,103 North College Avenue #201 Aledo IL 61231,http://www.ilga.gov/Senate/Members/rptMemberList,
illinoisSenate,47,Neil Anderson,photo,unavailable,,http://www.ilga.gov/Senate/Members/Details/3312,Not published by official source
illinoisSenate,48,Doris Turner,name,value,Doris Turner,http://www.ilga.gov/Senate/Members/rptMemberList,
illinoisSenate,48,Doris Turner,email,unavailable,,http://www.ilga.gov/Senate/Members/rptMemberList,Not published by official source
illinoisSenate,48,Doris Turner,phone,value,(217) 706-5311,http://www.ilga.gov/Senate/Members/rptMemberList,
illinoisSenate,48,Doris Turner,address,value,1210 S. Jasper Decatur IL 62521,http://www.ilga.gov/Senate/Members/rptMemberList,
illinoisSenate,48,Doris Turner,photo,unavailable,,http://www.ilga.gov/Senate/Members/Details/3399,Not published by official source
illinoisSenate,49,Meg Loughran Cappel,name,value,Meg Loughran Cappel,http://www.ilga.gov/Senate/Members/rptMemberList,
illinoisSenate,49,Meg Loughran Cappel,email,unavailable,,http://www.ilga.gov/Senate/Members/rptMemberList,Not published by official source
illinoisSenate,49,Meg Loughran Cappel,phone,value,(815) 267-6119,http://www.ilga.gov/Senate/Members/rptMemberList,
illinoisSenate,49,Meg Loughran Cappel,address,value,20660 Caton Farm Rd. Unit D Crest Hill IL 60403,http://www.ilga.gov/Senate/Members/rptMemberList,
illinoisSenate,49,Meg Loughran Cappel,photo,unavailable,,http://www.ilga.gov/Senate/Members/Details/3380,Not published by official source
illinoisSenate,50,Jil Tracy,name,value,Jil Tracy,http://www.ilga.gov/Senate/Members/rptMemberList,
illinoisSenate,50,Jil Tracy,email,unavailable,,http://www.ilga.gov/Senate/Members/rptMemberList,Not published by official source
illinoisSenate,50,Jil Tracy,phone,value,(217) 223-0833,http://www.ilga.gov/Senate/Members/rptMemberList,
illinoisSenate,50,Jil Tracy,address,value,3601 East Lake Centre Drive Suite 200 Quincy IL 62305,http://www.ilga.gov/Senate/Members/rptMemberList,
illinoisSenate,50,Jil Tracy,photo,unavailable,,http://www.ilga.gov/Senate/Members/Details/3319,Not published by official source
illinoisSenate,51,Chapin Rose,name,value,Chapin Rose,http://www.ilga.gov/Senate/Members/rptMemberList,
illinoisSenate,51,Chapin Rose,email,unavailable,,http://www.ilga.gov/Senate/Members/rptMemberList,Not published by official source
illinoisSenate,51,Chapin Rose,phone,value,(217) 607-1853,http://www.ilga.gov/Senate/Members/rptMemberList,
illinoisSenate,51,Chapin Rose,address,value,510 S. Staley Road Suite D Champaign IL 61822,http://www.ilga.gov/Senate/Members/rptMemberList,
illinoisSenate,51,Chapin Rose,photo,unavailable,,http://www.ilga.gov/Senate/Members/Details/3295,Not published by official source
illinoisSenate,52,Paul Faraci,name,value,Paul Faraci,http://www.ilga.gov/Senate/Members/rptMemberList,
illinoisSenate,52,Paul Faraci,email,unavailable,,http://www.ilga.gov/Senate/Members/rptMemberList,Not published by official source
illinoisSenate,52,Paul Faraci,phone,value,(217) 355-5252,http://www.ilga.gov/Senate/Members/rptMemberList,
illinoisSenate,52,Paul Faraci,address,value,45 E. University Ave. Suite 206 Champaign IL 61820,http://www.ilga.gov/Senate/Members/rptMemberList,
illinoisSenate,52,Paul Faraci,photo,unavailable,,http://www.ilga.gov/Senate/Members/Details/3412,Not published by official source
illinoisSenate,53,Chris Balkema,name,value,Chris Balkema,http://www.ilga.gov/Senate/Members/rptMemberList,
illinoisSenate,53,Chris Balkema,email,unavailable,,http://www.ilga.gov/Senate/Members/rptMemberList,Not published by official source
illinoisSenate,53,Chris Balkema,phone,value,(815) 844-9179,http://www.ilga.gov/Senate/Members/rptMemberList,
illinoisSenate,53,Chris Balkema,address,value,305 W. Madison St. Pontiac IL 61764,http://www.ilga.gov/Senate/Members/rptMemberList,
illinoisSenate,53,Chris Balkema,photo,unavailable,,http://www.ilga.gov/Senate/Members/Details/3413,Not published by official source
illinoisSenate,54,Steve McClure,name,value,Steve McClure,http://www.ilga.gov/Senate/Members/rptMemberList,
illinoisSenate,54,Steve McClure,email,unavailable,,http://www.ilga.gov/Senate/Members/rptMemberList,Not published by official source
illinoisSenate,54,Steve McClure,phone,value,(217) 960-0788,http://www.ilga.gov/Senate/Members/rptMemberList,
illinoisSenate,54,Steve McClure,address,value,410 North Monroe Street Suite 200 Litchfield IL 62056,http://www.ilga.gov/Senate/Members/rptMemberList,
illinoisSenate,54,Steve McClure,photo,unavailable,,http://www.ilga.gov/Senate/Members/Details/3342,Not published by official source
illinoisSenate,55,Jason Plummer,name,value,Jason Plummer,http://www.ilga.gov/Senate/Members/rptMemberList,
illinoisSenate,55,Jason Plummer,email,unavailable,,http://www.ilga.gov/Senate/Members/rptMemberList,Not published by official source
illinoisSenate,55,Jason Plummer,phone,value,(618) 283-3000,http://www.ilga.gov/Senate/Members/rptMemberList,
illinoisSenate,55,Jason Plummer,address,value,310 W. Gallatin St. Vandalia IL 62471,http://www.ilga.gov/Senate/Members/rptMemberList,
illinoisSenate,55,Jason Plummer,photo,unavailable,,http://www.ilga.gov/Senate/Members/Details/3344,Not published by official source
illinoisSenate,56,Erica Harriss,name,value,Erica Harriss,http://www.ilga.gov/Senate/Members/rptMemberList,
illinoisSenate,56,Erica Harriss,email,unavailable,,http://www.ilga.gov/Senate/Members/rptMemberList,Not published by official source
illinoisSenate,56,Erica Harriss,phone,value,(618) 307-5789,http://www.ilga.gov/Senate/Members/rptMemberList,
illinoisSenate,56,Erica Harriss,address,value,120 North Main Street Suite 1B Edwardsville IL 62025,http://www.ilga.gov/Senate/Members/rptMemberList,
illinoisSenate,56,Erica Harriss,photo,unavailable,,http://www.ilga.gov/Senate/Members/Details/3411,Not published by official source
illinoisSenate,57,Christopher Belt,name,value,Christopher Belt,http://www.ilga.gov/Senate/Members/rptMemberList,
illinoisSenate,57,Christopher Belt,email,unavailable,,http://www.ilga.gov/Senate/Members/rptMemberList,Not published by official source
illinoisSenate,57,Christopher Belt,phone,value,(618) 875-1212,http://www.ilga.gov/Senate/Members/rptMemberList,
illinoisSenate,57,Christopher Belt,address,value,"Kenneth Hall Bldg, 10 Collinsville Ave. Suite 201A East St. Louis IL 62201",http://www.ilga.gov/Senate/Members/rptMemberList,
illinoisSenate,57,Christopher Belt,photo,unavailable,,http://www.ilga.gov/Senate/Members/Details/3337,Not published by official source
illinoisSenate,58,Terri Bryant,name,value,Terri Bryant,http://www.ilga.gov/Senate/Members/rptMemberList,
illinoisSenate,58,Terri Bryant,email,unavailable,,http://www.ilga.gov/Senate/Members/rptMemberList,Not published by official source
illinoisSenate,58,Terri Bryant,phone,value,(618) 684-1100,http://www.ilga.gov/Senate/Members/rptMemberList,
illinoisSenate,58,Terri Bryant,address,value,1032 W. Industrial Park Road Murphysboro IL 62966,http://www.ilga.gov/Senate/Members/rptMemberList,
illinoisSenate,58,Terri Bryant,photo,unavailable,,http://www.ilga.gov/Senate/Members/Details/3386,Not published by official source
illinoisSenate,59,Dale Fowler,name,value,Dale Fowler,http://www.ilga.gov/Senate/Members/rptMemberList,
illinoisSenate,59,Dale Fowler,email,unavailable,,http://www.ilga.gov/Senate/Members/rptMemberList,Not published by official source
illinoisSenate,59,Dale Fowler,phone,value,(618) 294-8951,http://www.ilga.gov/Senate/Members/rptMemberList,
illinoisSenate,59,Dale Fowler,address,value,2 North Vine Suite 600 Harrisburg IL 62946,http://www.ilga.gov/Senate/Members/rptMemberList,
illinoisSenate,59,Dale Fowler,photo,unavailable,,http://www.ilga.gov/Senate/Members/Details/3318,Not published by official source
police,17,Luis Bermudez,name,value,Luis Bermudez,https://ccpsa.chicago.gov/district-council/17th-district-council/,
police,17,Luis Bermudez,email,value,Luis.Bermudez@cityofchicago.org,https://ccpsa.chicago.gov/member/luis-bermudez/,
police,17,Luis Bermudez,phone,unavailable,,https://ccpsa.chicago.gov/district-council/17th-district-council/,Not published by official source
police,17,Luis Bermudez,address,unavailable,,https://ccpsa.chicago.gov/district-council/17th-district-council/,Not published by official source
police,17,Luis Bermudez,photo,unavailable,,https://ccpsa.chicago.gov/district-council/17th-district-council/,Not published by official source
police,17,Elizabeth Rochford,name,value,Elizabeth Rochford,https://ccpsa.chicago.gov/district-council/17th-district-council/,
police,17,Elizabeth Rochford,email,value,Elizabeth.Rochford@cityofchicago.org,https://ccpsa.chicago.gov/member/elizabeth-rochford/,
police,17,Elizabeth Rochford,phone,unavailable,,https://ccpsa.chicago.gov/district-council/17th-district-council/,Not published by official source
police,17,Elizabeth Rochford,address,unavailable,,https://ccpsa.chicago.gov/district-council/17th-district-council/,Not published by official source
police,17,Elizabeth Rochford,photo,value,https://ccpsa.chicago.gov/wp-content/uploads/2024/04/2024-03-24-Rochford-Elizabeth_WM2261-scaled.jpg,https://ccpsa.chicago.gov/district-council/17th-district-council/,
police,17,Anthony Tamez,name,value,Anthony Tamez,https://ccpsa.chicago.gov/district-council/17th-district-council/,
police,17,Anthony Tamez,email,value,Anthony.Tamez1@cityofchicago.org,https://ccpsa.chicago.gov/member/anthony-tamez/,
police,17,Anthony Tamez,phone,unavailable,,https://ccpsa.chicago.gov/district-council/17th-district-council/,Not published by official source
police,17,Anthony Tamez,address,unavailable,,https://ccpsa.chicago.gov/district-council/17th-district-council/,Not published by official source
police,17,Anthony Tamez,photo,value,https://ccpsa.chicago.gov/wp-content/uploads/2024/04/Anthony-Tamez-scaled.jpg,https://ccpsa.chicago.gov/district-council/17th-district-council/,
police,20,Anna Rubin,name,value,Anna Rubin,https://ccpsa.chicago.gov/district-council/20th-district-council/,
police,20,Anna Rubin,email,value,Anna.Rubin@cityofchicago.org,https://ccpsa.chicago.gov/member/anna-rubin/,
police,20,Anna Rubin,phone,unavailable,,https://ccpsa.chicago.gov/district-council/20th-district-council/,Not published by official source
police,20,Anna Rubin,address,unavailable,,https://ccpsa.chicago.gov/district-council/20th-district-council/,Not published by official source
police,20,Anna Rubin,photo,value,https://ccpsa.chicago.gov/wp-content/uploads/2024/04/2024-03-24-Rubin-Anna_WM2325-scaled.jpg,https://ccpsa.chicago.gov/district-council/20th-district-council/,
police,20,Darrell Dacres,name,value,Darrell Dacres,https://ccpsa.chicago.gov/district-council/20th-district-council/,
police,20,Darrell Dacres,email,value,Darrell.Dacres@cityofchicago.org,https://ccpsa.chicago.gov/member/darrell-dacres/,
police,20,Darrell Dacres,phone,unavailable,,https://ccpsa.chicago.gov/district-council/20th-district-council/,Not published by official source
police,20,Darrell Dacres,address,unavailable,,https://ccpsa.chicago.gov/district-council/20th-district-council/,Not published by official source
police,20,Darrell Dacres,photo,value,https://ccpsa.chicago.gov/wp-content/uploads/2024/04/Dacres-Darrell-2024-010-scaled.jpg,https://ccpsa.chicago.gov/district-council/20th-district-council/,
police,20,Deirdre O’Connor,name,value,Deirdre O’Connor,https://ccpsa.chicago.gov/district-council/20th-district-council/,
police,20,Deirdre O’Connor,email,value,Deirdre.OConnor2@cityofchicago.org,https://ccpsa.chicago.gov/member/deirdre-oconnor/,
police,20,Deirdre O’Connor,phone,unavailable,,https://ccpsa.chicago.gov/district-council/20th-district-council/,Not published by official source
police,20,Deirdre O’Connor,address,unavailable,,https://ccpsa.chicago.gov/district-council/20th-district-council/,Not published by official source
police,20,Deirdre O’Connor,photo,value,https://ccpsa.chicago.gov/wp-content/uploads/2024/04/Deirdre-OConnor-020-scaled.jpg,https://ccpsa.chicago.gov/district-council/20th-district-council/,
police,19,Maurilio Garcia,name,value,Maurilio Garcia,https://ccpsa.chicago.gov/district-council/19th-district-council/,
police,19,Maurilio Garcia,email,value,Maurilio.Garcia@cityofchicago.org,https://ccpsa.chicago.gov/member/maurilio-garcia/,
police,19,Maurilio Garcia,phone,unavailable,,https://ccpsa.chicago.gov/district-council/19th-district-council/,Not published by official source
police,19,Maurilio Garcia,address,unavailable,,https://ccpsa.chicago.gov/district-council/19th-district-council/,Not published by official source
police,19,Maurilio Garcia,photo,value,https://ccpsa.chicago.gov/wp-content/uploads/2024/04/Garcia-Maurilio-2024-002-scaled.jpg,https://ccpsa.chicago.gov/district-council/19th-district-council/,
police,19,Sam Schoenburg,name,value,Sam Schoenburg,https://ccpsa.chicago.gov/district-council/19th-district-council/,
police,19,Sam Schoenburg,email,value,Samuel.Schoenburg@cityofchicago.org,https://ccpsa.chicago.gov/member/sam-schoenburg/,
police,19,Sam Schoenburg,phone,unavailable,,https://ccpsa.chicago.gov/district-council/19th-district-council/,Not published by official source
police,19,Sam Schoenburg,address,unavailable,,https://ccpsa.chicago.gov/district-council/19th-district-council/,Not published by official source
police,19,Sam Schoenburg,photo,value,https://ccpsa.chicago.gov/wp-content/uploads/2025/07/Schoenburg-Samuel-2024-002-scaled.jpg,https://ccpsa.chicago.gov/district-council/19th-district-council/,
police,19,Jennifer Schaffer,name,value,Jennifer Schaffer,https://ccpsa.chicago.gov/district-council/19th-district-council/,
police,19,Jennifer Schaffer,email,value,Jennifer.Schaffer@cityofchicago.org,https://ccpsa.chicago.gov/member/jenny-schaffe/,
police,19,Jennifer Schaffer,phone,unavailable,,https://ccpsa.chicago.gov/district-council/19th-district-council/,Not published by official source
police,19,Jennifer Schaffer,address,unavailable,,https://ccpsa.chicago.gov/district-council/19th-district-council/,Not published by official source
police,19,Jennifer Schaffer,photo,value,https://ccpsa.chicago.gov/wp-content/uploads/2024/04/Schaffer-Jennifer-2023-008-1-scaled.jpg,https://ccpsa.chicago.gov/district-council/19th-district-council/,
police,25,Jacob Arena,name,value,Jacob Arena,https://ccpsa.chicago.gov/district-council/25th-district-council/,
police,25,Jacob Arena,email,value,Jacob.Arena@cityofchicago.org,https://ccpsa.chicago.gov/member/jacob-arena/,
police,25,Jacob Arena,phone,unavailable,,https://ccpsa.chicago.gov/district-council/25th-district-council/,Not published by official source
police,25,Jacob Arena,address,unavailable,,https://ccpsa.chicago.gov/district-council/25th-district-council/,Not published by official source
police,25,Jacob Arena,photo,value,https://ccpsa.chicago.gov/wp-content/uploads/2024/04/Arena-Jacob-2024-006-scaled.jpg,https://ccpsa.chicago.gov/district-council/25th-district-council/,
police,25,Angelica P. Green,name,value,Angelica P. Green,https://ccpsa.chicago.gov/district-council/25th-district-council/,
police,25,Angelica P. Green,email,value,Angelica.Green@cityofchicago.org,https://ccpsa.chicago.gov/member/angelica-p-green/,
police,25,Angelica P. Green,phone,unavailable,,https://ccpsa.chicago.gov/district-council/25th-district-council/,Not published by official source
police,25,Angelica P. Green,address,unavailable,,https://ccpsa.chicago.gov/district-council/25th-district-council/,Not published by official source
police,25,Angelica P. Green,photo,value,https://ccpsa.chicago.gov/wp-content/uploads/2024/04/Green-Angelica-2024-014-scaled.jpg,https://ccpsa.chicago.gov/district-council/25th-district-council/,
police,25,Saul Arellano,name,value,Saul Arellano,https://ccpsa.chicago.gov/district-council/25th-district-council/,
police,25,Saul Arellano,email,value,Saul.Arellano@cityofchicago.org,https://ccpsa.chicago.gov/member/saul-arellano/,
police,25,Saul Arellano,phone,unavailable,,https://ccpsa.chicago.gov/district-council/25th-district-council/,Not published by official source
police,25,Saul Arellano,address,unavailable,,https://ccpsa.chicago.gov/district-council/25th-district-council/,Not published by official source
police,25,Saul Arellano,photo,value,https://ccpsa.chicago.gov/wp-content/uploads/2024/04/2024-03-24-Arellano-Saul_WM2245-scaled.jpg,https://ccpsa.chicago.gov/district-council/25th-district-council/,
police,14,Christopher Laurent,name,value,Christopher Laurent,https://ccpsa.chicago.gov/district-council/14th-district-council/,
police,14,Christopher Laurent,email,value,Christopher.Laurent@cityofchicago.org,https://ccpsa.chicago.gov/member/christopher-laurent/,
police,14,Christopher Laurent,phone,unavailable,,https://ccpsa.chicago.gov/district-council/14th-district-council/,Not published by official source
police,14,Christopher Laurent,address,unavailable,,https://ccpsa.chicago.gov/district-council/14th-district-council/,Not published by official source
police,14,Christopher Laurent,photo,value,https://ccpsa.chicago.gov/wp-content/uploads/2024/04/2024-03-24-Laurent-Christopher_WM2237-scaled.jpg,https://ccpsa.chicago.gov/district-council/14th-district-council/,
police,14,Ashley Vargas,name,value,Ashley Vargas,https://ccpsa.chicago.gov/district-council/14th-district-council/,
police,14,Ashley Vargas,email,value,Ashley.Vargas2@cityofchicago.org,https://ccpsa.chicago.gov/member/ashley-vargas/,
police,14,Ashley Vargas,phone,unavailable,,https://ccpsa.chicago.gov/district-council/14th-district-council/,Not published by official source
police,14,Ashley Vargas,address,unavailable,,https://ccpsa.chicago.gov/district-council/14th-district-council/,Not published by official source
police,14,Ashley Vargas,photo,value,https://ccpsa.chicago.gov/wp-content/uploads/2024/04/2024-03-24-Vargas-Ashley_WM2312-scaled.jpg,https://ccpsa.chicago.gov/district-council/14th-district-council/,
police,14,David Orlikoff,name,value,David Orlikoff,https://ccpsa.chicago.gov/district-council/14th-district-council/,
police,14,David Orlikoff,email,value,David.Orlikoff@cityofchicago.org,https://ccpsa.chicago.gov/member/david-orlikoff/,
police,14,David Orlikoff,phone,unavailable,,https://ccpsa.chicago.gov/district-council/14th-district-council/,Not published by official source
police,14,David Orlikoff,address,unavailable,,https://ccpsa.chicago.gov/district-council/14th-district-council/,Not published by official source
police,14,David Orlikoff,photo,value,https://ccpsa.chicago.gov/wp-content/uploads/2024/04/2024-03-24-Orlikoff-David_WM2248-scaled.jpg,https://ccpsa.chicago.gov/district-council/14th-district-council/,
police,22,Patrick Kennedy,name,value,Patrick Kennedy,https://ccpsa.chicago.gov/district-council/22nd-district-council/,
police,22,Patrick Kennedy,email,value,Patrick.Kennedy@cityofchicago.org,https://ccpsa.chicago.gov/member/patrick-kennedy/,
police,22,Patrick Kennedy,phone,unavailable,,https://ccpsa.chicago.gov/district-council/22nd-district-council/,Not published by official source
police,22,Patrick Kennedy,address,unavailable,,https://ccpsa.chicago.gov/district-council/22nd-district-council/,Not published by official source
police,22,Patrick Kennedy,photo,value,https://ccpsa.chicago.gov/wp-content/uploads/2024/04/2024-03-24-Kennedy-Patrick_WM2429-scaled.jpg,https://ccpsa.chicago.gov/district-council/22nd-district-council/,
police,22,Carisa Parker,name,value,Carisa Parker,https://ccpsa.chicago.gov/district-council/22nd-district-council/,
police,22,Carisa Parker,email,value,Carisa.Parker@cityofchicago.org,https://ccpsa.chicago.gov/member/carisa-parker/,
police,22,Carisa Parker,phone,unavailable,,https://ccpsa.chicago.gov/district-council/22nd-district-council/,Not published by official source
police,22,Carisa Parker,address,unavailable,,https://ccpsa.chicago.gov/district-council/22nd-district-council/,Not published by official source
police,22,Carisa Parker,photo,value,https://ccpsa.chicago.gov/wp-content/uploads/2024/04/2024-03-24-Parker-Carisa_WM2273-scaled.jpg,https://ccpsa.chicago.gov/district-council/22nd-district-council/,
police,22,Lee Bielecki,name,value,Lee Bielecki,https://ccpsa.chicago.gov/district-council/22nd-district-council/,
police,22,Lee Bielecki,email,value,Lee.Bielecki@cityofchicago.org,https://ccpsa.chicago.gov/member/lee-bielecki/,
police,22,Lee Bielecki,phone,unavailable,,https://ccpsa.chicago.gov/district-council/22nd-district-council/,Not published by official source
police,22,Lee Bielecki,address,unavailable,,https://ccpsa.chicago.gov/district-council/22nd-district-council/,Not published by official source
police,22,Lee Bielecki,photo,value,https://ccpsa.chicago.gov/wp-content/uploads/2024/04/Bielecki-Lee-2024-003-scaled.jpg,https://ccpsa.chicago.gov/district-council/22nd-district-council/,
police,5,Robert A. Mckay,name,value,Robert A. Mckay,https://ccpsa.chicago.gov/district-council/5th-district-council/,
police,5,Robert A. Mckay,email,value,Robert.McKay2@cityofchicago.org,https://ccpsa.chicago.gov/member/robert-a-mckay/,
police,5,Robert A. Mckay,phone,unavailable,,https://ccpsa.chicago.gov/district-council/5th-district-council/,Not published by official source
police,5,Robert A. Mckay,address,unavailable,,https://ccpsa.chicago.gov/district-council/5th-district-council/,Not published by official source
police,5,Robert A. Mckay,photo,unavailable,,https://ccpsa.chicago.gov/district-council/5th-district-council/,Not published by official source
police,5,Thomas McMahon,name,value,Thomas McMahon,https://ccpsa.chicago.gov/district-council/5th-district-council/,
police,5,Thomas McMahon,email,value,Thomas.McMahon2@cityofchicago.org,https://ccpsa.chicago.gov/member/thomas-mcmahon/,
police,5,Thomas McMahon,phone,unavailable,,https://ccpsa.chicago.gov/district-council/5th-district-council/,Not published by official source
police,5,Thomas McMahon,address,unavailable,,https://ccpsa.chicago.gov/district-council/5th-district-council/,Not published by official source
police,5,Thomas McMahon,photo,value,https://ccpsa.chicago.gov/wp-content/uploads/2024/04/2024-03-24-McMahon-Thomas_WM2409-scaled.jpg,https://ccpsa.chicago.gov/district-council/5th-district-council/,
police,5,Ponchita Moore,name,value,Ponchita Moore,https://ccpsa.chicago.gov/district-council/5th-district-council/,
police,5,Ponchita Moore,email,value,Ponchita.Moore@cityofchicago.org,https://ccpsa.chicago.gov/member/ponchita-moore-2/,
police,5,Ponchita Moore,phone,unavailable,,https://ccpsa.chicago.gov/district-council/5th-district-council/,Not published by official source
police,5,Ponchita Moore,address,unavailable,,https://ccpsa.chicago.gov/district-council/5th-district-council/,Not published by official source
police,5,Ponchita Moore,photo,unavailable,,https://ccpsa.chicago.gov/district-council/5th-district-council/,Not published by official source
police,24,Veronica Arreola,name,value,Veronica Arreola,https://ccpsa.chicago.gov/district-council/24th-district-council/,
police,24,Veronica Arreola,email,value,Veronica.Arreola@cityofchicago.org,https://ccpsa.chicago.gov/member/veronica-arreola/,
police,24,Veronica Arreola,phone,unavailable,,https://ccpsa.chicago.gov/district-council/24th-district-council/,Not published by official source
police,24,Veronica Arreola,address,unavailable,,https://ccpsa.chicago.gov/district-council/24th-district-council/,Not published by official source
police,24,Veronica Arreola,photo,value,https://ccpsa.chicago.gov/wp-content/uploads/2024/04/2024-03-24-Arreola-Veronica_WM2257-scaled.jpg,https://ccpsa.chicago.gov/district-council/24th-district-council/,
police,24,Marilyn Pagan-Banks,name,value,Marilyn Pagan-Banks,https://ccpsa.chicago.gov/district-council/24th-district-council/,
police,24,Marilyn Pagan-Banks,email,value,Marilyn.Pagan-Banks@cityofchicago.org,https://ccpsa.chicago.gov/member/marilyn-pagan-banks/,
police,24,Marilyn Pagan-Banks,phone,unavailable,,https://ccpsa.chicago.gov/district-council/24th-district-council/,Not published by official source
police,24,Marilyn Pagan-Banks,address,unavailable,,https://ccpsa.chicago.gov/district-council/24th-district-council/,Not published by official source
police,24,Marilyn Pagan-Banks,photo,unavailable,,https://ccpsa.chicago.gov/district-council/24th-district-council/,Not published by official source
police,24,Keola Jean-Joseph,name,value,Keola Jean-Joseph,https://ccpsa.chicago.gov/district-council/24th-district-council/,
police,24,Keola Jean-Joseph,email,value,keola.jean-joseph@cityofchicago.org,https://ccpsa.chicago.gov/member/keola-jean-joseph/,
police,24,Keola Jean-Joseph,phone,unavailable,,https://ccpsa.chicago.gov/district-council/24th-district-council/,Not published by official source
police,24,Keola Jean-Joseph,address,unavailable,,https://ccpsa.chicago.gov/district-council/24th-district-council/,Not published by official source
police,24,Keola Jean-Joseph,photo,value,https://ccpsa.chicago.gov/wp-content/uploads/2025/07/Keola-Joseph-Jean-2025-006-scaled.jpg,https://ccpsa.chicago.gov/district-council/24th-district-council/,
police,16,Daniel Martin,name,value,Daniel Martin,https://ccpsa.chicago.gov/district-council/16th-district-council/,
police,16,Daniel Martin,email,value,Daniel.Martin@cityofchicago.org,https://ccpsa.chicago.gov/member/daniel-martin/,
police,16,Daniel Martin,phone,unavailable,,https://ccpsa.chicago.gov/district-council/16th-district-council/,Not published by official source
police,16,Daniel Martin,address,unavailable,,https://ccpsa.chicago.gov/district-council/16th-district-council/,Not published by official source
police,16,Daniel Martin,photo,unavailable,,https://ccpsa.chicago.gov/district-council/16th-district-council/,Not published by official source
police,16,Colleen Murphy,name,value,Colleen Murphy,https://ccpsa.chicago.gov/district-council/16th-district-council/,
police,16,Colleen Murphy,email,value,Colleen.Murphy@cityofchicago.org,https://ccpsa.chicago.gov/member/colleen-murphy/,
police,16,Colleen Murphy,phone,unavailable,,https://ccpsa.chicago.gov/district-council/16th-district-council/,Not published by official source
police,16,Colleen Murphy,address,unavailable,,https://ccpsa.chicago.gov/district-council/16th-district-council/,Not published by official source
police,16,Colleen Murphy,photo,value,https://ccpsa.chicago.gov/wp-content/uploads/2024/04/2024-03-24-Murphy-Colleen_WM2285-1-scaled.jpg,https://ccpsa.chicago.gov/district-council/16th-district-council/,
police,16,Colleen Mary Dillon,name,value,Colleen Mary Dillon,https://ccpsa.chicago.gov/district-council/16th-district-council/,
police,16,Colleen Mary Dillon,email,value,Colleen.Dillon@cityofchicago.org,https://ccpsa.chicago.gov/member/colleen-mary-dillon/,
police,16,Colleen Mary Dillon,phone,unavailable,,https://ccpsa.chicago.gov/district-council/16th-district-council/,Not published by official source
police,16,Colleen Mary Dillon,address,unavailable,,https://ccpsa.chicago.gov/district-council/16th-district-council/,Not published by official source
police,16,Colleen Mary Dillon,photo,value,https://ccpsa.chicago.gov/wp-content/uploads/2024/04/2024-03-24-Dillon-Colleen_WM2445-1-scaled.jpg,https://ccpsa.chicago.gov/district-council/16th-district-council/,
police,8,Jason Huff,name,value,Jason Huff,https://ccpsa.chicago.gov/district-council/8th-district-council/,
police,8,Jason Huff,email,value,Jason.Huff2@cityofchicago.org,https://ccpsa.chicago.gov/member/jason-huff/,
police,8,Jason Huff,phone,unavailable,,https://ccpsa.chicago.gov/district-council/8th-district-council/,Not published by official source
police,8,Jason Huff,address,unavailable,,https://ccpsa.chicago.gov/district-council/8th-district-council/,Not published by official source
police,8,Jason Huff,photo,value,https://ccpsa.chicago.gov/wp-content/uploads/2024/04/Dist.008-Jason-Huff.jpeg,https://ccpsa.chicago.gov/district-council/8th-district-council/,
police,8,Al Cacciottolo,name,value,Al Cacciottolo,https://ccpsa.chicago.gov/district-council/8th-district-council/,
police,8,Al Cacciottolo,email,value,Albert.Cacciottolo2@cityofchicago.org,https://ccpsa.chicago.gov/member/al-cacciottolo/,
police,8,Al Cacciottolo,phone,unavailable,,https://ccpsa.chicago.gov/district-council/8th-district-council/,Not published by official source
police,8,Al Cacciottolo,address,unavailable,,https://ccpsa.chicago.gov/district-council/8th-district-council/,Not published by official source
police,8,Al Cacciottolo,photo,unavailable,,https://ccpsa.chicago.gov/district-council/8th-district-council/,Not published by official source
police,8,Mark Hamberlin,name,value,Mark Hamberlin,https://ccpsa.chicago.gov/district-council/8th-district-council/,
police,8,Mark Hamberlin,email,value,Mark.Hamberlin@cityofchicago.org,https://ccpsa.chicago.gov/member/mark-hamberlin/,
police,8,Mark Hamberlin,phone,unavailable,,https://ccpsa.chicago.gov/district-council/8th-district-council/,Not published by official source
police,8,Mark Hamberlin,address,unavailable,,https://ccpsa.chicago.gov/district-council/8th-district-council/,Not published by official source
police,8,Mark Hamberlin,photo,unavailable,,https://ccpsa.chicago.gov/district-council/8th-district-council/,Not published by official source
police,18,Brad Kessler,name,value,Brad Kessler,https://ccpsa.chicago.gov/district-council/18th-district-council/,
police,18,Brad Kessler,email,value,Brad.Kessler@cityofchicago.org,https://ccpsa.chicago.gov/member/brad-kessler/,
police,18,Brad Kessler,phone,unavailable,,https://ccpsa.chicago.gov/district-council/18th-district-council/,Not published by official source
police,18,Brad Kessler,address,unavailable,,https://ccpsa.chicago.gov/district-council/18th-district-council/,Not published by official source
police,18,Brad Kessler,photo,value,https://ccpsa.chicago.gov/wp-content/uploads/2024/04/Kessler-Brad-2024-009-scaled.jpg,https://ccpsa.chicago.gov/district-council/18th-district-council/,
police,18,Robert Johnson,name,value,Robert Johnson,https://ccpsa.chicago.gov/district-council/18th-district-council/,
police,18,Robert Johnson,email,value,Robert.Johnson4@cityofchicago.org,https://ccpsa.chicago.gov/member/robert-johnson/,
police,18,Robert Johnson,phone,unavailable,,https://ccpsa.chicago.gov/district-council/18th-district-council/,Not published by official source
police,18,Robert Johnson,address,unavailable,,https://ccpsa.chicago.gov/district-council/18th-district-council/,Not published by official source
police,18,Robert Johnson,photo,value,https://ccpsa.chicago.gov/wp-content/uploads/2024/04/Johnson-Bob-2025-006-scaled.jpg,https://ccpsa.chicago.gov/district-council/18th-district-council/,
police,18,Karen Kane,name,value,Karen Kane,https://ccpsa.chicago.gov/district-council/18th-district-council/,
police,18,Karen Kane,email,value,Karen.Kane@cityofchicago.org,https://ccpsa.chicago.gov/member/karen-kane/,
police,18,Karen Kane,phone,unavailable,,https://ccpsa.chicago.gov/district-council/18th-district-council/,Not published by official source
police,18,Karen Kane,address,unavailable,,https://ccpsa.chicago.gov/district-council/18th-district-council/,Not published by official source
police,18,Karen Kane,photo,value,https://ccpsa.chicago.gov/wp-content/uploads/2024/04/Kane-Karen-2023-004-1.jpg,https://ccpsa.chicago.gov/district-council/18th-district-council/,
police,12,Leonardo Quintero,name,value,Leonardo Quintero,https://ccpsa.chicago.gov/district-council/12th-district-council/,
police,12,Leonardo Quintero,email,value,Leonardo.Quintero@cityofchicago.org,https://ccpsa.chicago.gov/member/leonardo-leo-quintero/,
police,12,Leonardo Quintero,phone,unavailable,,https://ccpsa.chicago.gov/district-council/12th-district-council/,Not published by official source
police,12,Leonardo Quintero,address,unavailable,,https://ccpsa.chicago.gov/district-council/12th-district-council/,Not published by official source
police,12,Leonardo Quintero,photo,value,https://ccpsa.chicago.gov/wp-content/uploads/2024/04/2025-06-07-060-CCPSA-District-Council-Quarterly-Meeting_WSM9823-1-scaled.jpg,https://ccpsa.chicago.gov/district-council/12th-district-council/,
police,12,Michelle D. Page,name,value,Michelle D. Page,https://ccpsa.chicago.gov/district-council/12th-district-council/,
police,12,Michelle D. Page,email,value,Michelle.Page@cityofchicago.org,https://ccpsa.chicago.gov/member/michelle-d-page/,
police,12,Michelle D. Page,phone,unavailable,,https://ccpsa.chicago.gov/district-council/12th-district-council/,Not published by official source
police,12,Michelle D. Page,address,unavailable,,https://ccpsa.chicago.gov/district-council/12th-district-council/,Not published by official source
police,12,Michelle D. Page,photo,value,https://ccpsa.chicago.gov/wp-content/uploads/2024/04/Page-Michelle-2025-005-scaled.jpg,https://ccpsa.chicago.gov/district-council/12th-district-council/,
police,12,Vacant,name,value,Vacant,https://ccpsa.chicago.gov/district-council/12th-district-council/,
police,12,Vacant,email,value,communitycommission@cityofchicago.org,https://ccpsa.chicago.gov/member/vacant/,
police,12,Vacant,phone,unavailable,,https://ccpsa.chicago.gov/district-council/12th-district-council/,Not published by official source
police,12,Vacant,address,unavailable,,https://ccpsa.chicago.gov/district-council/12th-district-council/,Not published by official source
police,12,Vacant,photo,unavailable,,https://ccpsa.chicago.gov/district-council/12th-district-council/,Not published by official source
police,11,"Bryan Ramson, Jr.",name,value,"Bryan Ramson, Jr.",https://ccpsa.chicago.gov/district-council/11th-district-council/,
police,11,"Bryan Ramson, Jr.",email,value,Bryan.RamsonJr@cityofchicago.org,https://ccpsa.chicago.gov/member/bryan-ramson-jr/,
police,11,"Bryan Ramson, Jr.",phone,unavailable,,https://ccpsa.chicago.gov/district-council/11th-district-council/,Not published by official source
police,11,"Bryan Ramson, Jr.",address,unavailable,,https://ccpsa.chicago.gov/district-council/11th-district-council/,Not published by official source
police,11,"Bryan Ramson, Jr.",photo,unavailable,,https://ccpsa.chicago.gov/district-council/11th-district-council/,Not published by official source
police,11,Jocelyn Woodards,name,value,Jocelyn Woodards,https://ccpsa.chicago.gov/district-council/11th-district-council/,
police,11,Jocelyn Woodards,email,value,Jocelyn.Woodards@cityofchicago.org,https://ccpsa.chicago.gov/member/jocelyn-woodards/,
police,11,Jocelyn Woodards,phone,unavailable,,https://ccpsa.chicago.gov/district-council/11th-district-council/,Not published by official source
police,11,Jocelyn Woodards,address,unavailable,,https://ccpsa.chicago.gov/district-council/11th-district-council/,Not published by official source
police,11,Jocelyn Woodards,photo,value,https://ccpsa.chicago.gov/wp-content/uploads/2024/03/Jocelyn-Woodards-scaled.jpg,https://ccpsa.chicago.gov/district-council/11th-district-council/,
police,11,Alees Edwards,name,value,Alees Edwards,https://ccpsa.chicago.gov/district-council/11th-district-council/,
police,11,Alees Edwards,email,value,Alees.Edwards@cityofchicago.org,https://ccpsa.chicago.gov/member/alees-edwards/,
police,11,Alees Edwards,phone,unavailable,,https://ccpsa.chicago.gov/district-council/11th-district-council/,Not published by official source
police,11,Alees Edwards,address,unavailable,,https://ccpsa.chicago.gov/district-council/11th-district-council/,Not published by official source
police,11,Alees Edwards,photo,value,https://ccpsa.chicago.gov/wp-content/uploads/2024/04/2024-03-24-Edwards-Alees_WM2319-scaled.jpg,https://ccpsa.chicago.gov/district-council/11th-district-council/,
police,7,Teresa Chandler,name,value,Teresa Chandler,https://ccpsa.chicago.gov/district-council/7th-district-council/,
police,7,Teresa Chandler,email,value,Teresa.Chandler@cityofchicago.org,https://ccpsa.chicago.gov/member/teresa-chandler/,
police,7,Teresa Chandler,phone,unavailable,,https://ccpsa.chicago.gov/district-council/7th-district-council/,Not published by official source
police,7,Teresa Chandler,address,unavailable,,https://ccpsa.chicago.gov/district-council/7th-district-council/,Not published by official source
police,7,Teresa Chandler,photo,value,https://ccpsa.chicago.gov/wp-content/uploads/2024/04/2024-03-24-Chandler-Teresa_WM2353-scaled.jpg,https://ccpsa.chicago.gov/district-council/7th-district-council/,
police,7,Dion McGill,name,value,Dion McGill,https://ccpsa.chicago.gov/district-council/7th-district-council/,
police,7,Dion McGill,email,value,Dion.McGill@cityofchicago.org,https://ccpsa.chicago.gov/member/dion-mcgill/,
police,7,Dion McGill,phone,unavailable,,https://ccpsa.chicago.gov/district-council/7th-district-council/,Not published by official source
police,7,Dion McGill,address,unavailable,,https://ccpsa.chicago.gov/district-council/7th-district-council/,Not published by official source
police,7,Dion McGill,photo,value,https://ccpsa.chicago.gov/wp-content/uploads/2024/04/2024-03-24-McGill-Dion_WM2398-scaled.jpg,https://ccpsa.chicago.gov/district-council/7th-district-council/,
police,7,Joseph Williams,name,value,Joseph Williams,https://ccpsa.chicago.gov/district-council/7th-district-council/,
police,7,Joseph Williams,email,value,Joseph.Williams@cityofchicago.org,https://ccpsa.chicago.gov/member/joseph-williams/,
police,7,Joseph Williams,phone,unavailable,,https://ccpsa.chicago.gov/district-council/7th-district-council/,Not published by official source
police,7,Joseph Williams,address,unavailable,,https://ccpsa.chicago.gov/district-council/7th-district-council/,Not published by official source
police,7,Joseph Williams,photo,value,https://ccpsa.chicago.gov/wp-content/uploads/2024/03/Williams-Joseph.jpg,https://ccpsa.chicago.gov/district-council/7th-district-council/,
police,3,Kenya Franklin,name,value,Kenya Franklin,https://ccpsa.chicago.gov/district-council/3rd-district-council/,
police,3,Kenya Franklin,email,value,Kenya.Franklin@cityofchicago.org,https://ccpsa.chicago.gov/member/kenya-franklin/,
police,3,Kenya Franklin,phone,unavailable,,https://ccpsa.chicago.gov/district-council/3rd-district-council/,Not published by official source
police,3,Kenya Franklin,address,unavailable,,https://ccpsa.chicago.gov/district-council/3rd-district-council/,Not published by official source
police,3,Kenya Franklin,photo,value,https://ccpsa.chicago.gov/wp-content/uploads/2024/04/Franklin-Kenya-2024-014-scaled.jpg,https://ccpsa.chicago.gov/district-council/3rd-district-council/,
police,3,Vacant,name,value,Vacant,https://ccpsa.chicago.gov/district-council/3rd-district-council/,
police,3,Vacant,email,value,communitycommission@cityofchicago.org,https://ccpsa.chicago.gov/member/vacant/,
police,3,Vacant,phone,unavailable,,https://ccpsa.chicago.gov/district-council/3rd-district-council/,Not published by official source
police,3,Vacant,address,unavailable,,https://ccpsa.chicago.gov/district-council/3rd-district-council/,Not published by official source
police,3,Vacant,photo,unavailable,,https://ccpsa.chicago.gov/district-council/3rd-district-council/,Not published by official source
police,3,Janice Jones,name,value,Janice Jones,https://ccpsa.chicago.gov/district-council/3rd-district-council/,
police,3,Janice Jones,email,value,Janice.Jones@cityofchicago.org,https://ccpsa.chicago.gov/member/janice-jones/,
police,3,Janice Jones,phone,unavailable,,https://ccpsa.chicago.gov/district-council/3rd-district-council/,Not published by official source
police,3,Janice Jones,address,unavailable,,https://ccpsa.chicago.gov/district-council/3rd-district-council/,Not published by official source
police,3,Janice Jones,photo,value,https://ccpsa.chicago.gov/wp-content/uploads/2024/04/Jones-Janice-2025-012-scaled.jpg,https://ccpsa.chicago.gov/district-council/3rd-district-council/,
police,4,Lovie Bernard,name,value,Lovie Bernard,https://ccpsa.chicago.gov/district-council/4th-district-council/,
police,4,Lovie Bernard,email,value,Lovie.Benard@cityofchicago.org,https://ccpsa.chicago.gov/member/lovie-bernard/,
police,4,Lovie Bernard,phone,unavailable,,https://ccpsa.chicago.gov/district-council/4th-district-council/,Not published by official source
police,4,Lovie Bernard,address,unavailable,,https://ccpsa.chicago.gov/district-council/4th-district-council/,Not published by official source
police,4,Lovie Bernard,photo,value,https://ccpsa.chicago.gov/wp-content/uploads/2024/04/2024-03-24-Lovie-Benard_WM2417-scaled.jpg,https://ccpsa.chicago.gov/district-council/4th-district-council/,
police,4,Gloria Jenkins,name,value,Gloria Jenkins,https://ccpsa.chicago.gov/district-council/4th-district-council/,
police,4,Gloria Jenkins,email,value,Gloria.Jenkins2@cityofchicago.org,https://ccpsa.chicago.gov/member/gloria-jenkins/,
police,4,Gloria Jenkins,phone,unavailable,,https://ccpsa.chicago.gov/district-council/4th-district-council/,Not published by official source
police,4,Gloria Jenkins,address,unavailable,,https://ccpsa.chicago.gov/district-council/4th-district-council/,Not published by official source
police,4,Gloria Jenkins,photo,value,https://ccpsa.chicago.gov/wp-content/uploads/2024/04/2024-03-24-Jenkins-Gloria_WM2375-scaled.jpg,https://ccpsa.chicago.gov/district-council/4th-district-council/,
police,4,Brenda Waters,name,value,Brenda Waters,https://ccpsa.chicago.gov/district-council/4th-district-council/,
police,4,Brenda Waters,email,value,Brenda.Waters@cityofchicago.org,https://ccpsa.chicago.gov/member/brenda-waters/,
police,4,Brenda Waters,phone,unavailable,,https://ccpsa.chicago.gov/district-council/4th-district-council/,Not published by official source
police,4,Brenda Waters,address,unavailable,,https://ccpsa.chicago.gov/district-council/4th-district-council/,Not published by official source
police,4,Brenda Waters,photo,value,https://ccpsa.chicago.gov/wp-content/uploads/2024/04/2024-03-24-Waters-Brenda_WM2290-scaled.jpg,https://ccpsa.chicago.gov/district-council/4th-district-council/,
police,6,David Boykin,name,value,David Boykin,https://ccpsa.chicago.gov/district-council/6th-district-council/,
police,6,David Boykin,email,value,David.Boykin@cityofchicago.org,https://ccpsa.chicago.gov/member/david-boykin/,
police,6,David Boykin,phone,unavailable,,https://ccpsa.chicago.gov/district-council/6th-district-council/,Not published by official source
police,6,David Boykin,address,unavailable,,https://ccpsa.chicago.gov/district-council/6th-district-council/,Not published by official source
police,6,David Boykin,photo,value,https://ccpsa.chicago.gov/wp-content/uploads/2024/04/Boykin-David-2024-004-scaled.jpg,https://ccpsa.chicago.gov/district-council/6th-district-council/,
police,6,Aisha Humphries,name,value,Aisha Humphries,https://ccpsa.chicago.gov/district-council/6th-district-council/,
police,6,Aisha Humphries,email,value,Aisha.Humphries@cityofchicago.org,https://ccpsa.chicago.gov/member/aisha-humphires/,
police,6,Aisha Humphries,phone,unavailable,,https://ccpsa.chicago.gov/district-council/6th-district-council/,Not published by official source
police,6,Aisha Humphries,address,unavailable,,https://ccpsa.chicago.gov/district-council/6th-district-council/,Not published by official source
police,6,Aisha Humphries,photo,value,https://ccpsa.chicago.gov/wp-content/uploads/2024/04/2024-03-24-Humphries-Aisha_WM2362-scaled.jpg,https://ccpsa.chicago.gov/district-council/6th-district-council/,
police,6,Ciera Whitaker,name,value,Ciera Whitaker,https://ccpsa.chicago.gov/district-council/6th-district-council/,
police,6,Ciera Whitaker,email,value,Ciera.Whitaker@cityofchicago.org,https://ccpsa.chicago.gov/member/ciera-whitaker/,
police,6,Ciera Whitaker,phone,unavailable,,https://ccpsa.chicago.gov/district-council/6th-district-council/,Not published by official source
police,6,Ciera Whitaker,address,unavailable,,https://ccpsa.chicago.gov/district-council/6th-district-council/,Not published by official source
police,6,Ciera Whitaker,photo,value,https://ccpsa.chicago.gov/wp-content/uploads/2025/07/Whitaker-Ciera-2025-009-scaled.jpg,https://ccpsa.chicago.gov/district-council/6th-district-council/,
police,10,Kiisha Smith,name,value,Kiisha Smith,https://ccpsa.chicago.gov/district-council/10th-district-council/,
police,10,Kiisha Smith,email,value,Kiisha.Smith@cityofchicago.org,https://ccpsa.chicago.gov/member/kiisha-smith/,
police,10,Kiisha Smith,phone,unavailable,,https://ccpsa.chicago.gov/district-council/10th-district-council/,Not published by official source
police,10,Kiisha Smith,address,unavailable,,https://ccpsa.chicago.gov/district-council/10th-district-council/,Not published by official source
police,10,Kiisha Smith,photo,unavailable,,https://ccpsa.chicago.gov/district-council/10th-district-council/,Not published by official source
police,10,Elianne Bahena,name,value,Elianne Bahena,https://ccpsa.chicago.gov/district-council/10th-district-council/,
police,10,Elianne Bahena,email,value,Elianne.Bahena2@cityofchicago.org,https://ccpsa.chicago.gov/member/elianne-bahena/,
police,10,Elianne Bahena,phone,unavailable,,https://ccpsa.chicago.gov/district-council/10th-district-council/,Not published by official source
police,10,Elianne Bahena,address,unavailable,,https://ccpsa.chicago.gov/district-council/10th-district-council/,Not published by official source
police,10,Elianne Bahena,photo,unavailable,,https://ccpsa.chicago.gov/district-council/10th-district-council/,Not published by official source
police,10,Rosemarie Dominguez,name,value,Rosemarie Dominguez,https://ccpsa.chicago.gov/district-council/10th-district-council/,
police,10,Rosemarie Dominguez,email,value,Rosemarie.Dominguez@cityofchicago.org,https://ccpsa.chicago.gov/member/rosemarie-dominguez/,
police,10,Rosemarie Dominguez,phone,unavailable,,https://ccpsa.chicago.gov/district-council/10th-district-council/,Not published by official source
police,10,Rosemarie Dominguez,address,unavailable,,https://ccpsa.chicago.gov/district-council/10th-district-council/,Not published by official source
police,10,Rosemarie Dominguez,photo,value,https://ccpsa.chicago.gov/wp-content/uploads/2024/04/Dominguez-Rosemarie-2024-008.jpg,https://ccpsa.chicago.gov/district-council/10th-district-council/,
police,1,Sarah Kammerer,name,value,Sarah Kammerer,https://ccpsa.chicago.gov/district-council/1st-district-council/,
police,1,Sarah Kammerer,email,value,Sarah.Kammerer@cityofchicago.org,https://ccpsa.chicago.gov/member/sarah-kammerer/,
police,1,Sarah Kammerer,phone,unavailable,,https://ccpsa.chicago.gov/district-council/1st-district-council/,Not published by official source
police,1,Sarah Kammerer,address,unavailable,,https://ccpsa.chicago.gov/district-council/1st-district-council/,Not published by official source
police,1,Sarah Kammerer,photo,value,https://ccpsa.chicago.gov/wp-content/uploads/2024/03/Sarah-Kammerer-scaled.jpg,https://ccpsa.chicago.gov/district-council/1st-district-council/,
police,1,Adrienne Johnson,name,value,Adrienne Johnson,https://ccpsa.chicago.gov/district-council/1st-district-council/,
police,1,Adrienne Johnson,email,value,Adrienne.Johnson@cityofchicago.org,https://ccpsa.chicago.gov/member/adrienne-johnson/,
police,1,Adrienne Johnson,phone,unavailable,,https://ccpsa.chicago.gov/district-council/1st-district-council/,Not published by official source
police,1,Adrienne Johnson,address,unavailable,,https://ccpsa.chicago.gov/district-council/1st-district-council/,Not published by official source
police,1,Adrienne Johnson,photo,value,https://ccpsa.chicago.gov/wp-content/uploads/2024/04/2024-03-24-Johnson-Adrienne_WM2231-scaled.jpg,https://ccpsa.chicago.gov/district-council/1st-district-council/,
police,1,Jamie Brown,name,value,Jamie Brown,https://ccpsa.chicago.gov/district-council/1st-district-council/,
police,1,Jamie Brown,email,value,Jamie.Brown@cityofchicago.org,https://ccpsa.chicago.gov/member/jamie-brown/,
police,1,Jamie Brown,phone,unavailable,,https://ccpsa.chicago.gov/district-council/1st-district-council/,Not published by official source
police,1,Jamie Brown,address,unavailable,,https://ccpsa.chicago.gov/district-council/1st-district-council/,Not published by official source
police,1,Jamie Brown,photo,value,https://ccpsa.chicago.gov/wp-content/uploads/2024/04/Brown-Jamie-2024-002-scaled.jpg,https://ccpsa.chicago.gov/district-council/1st-district-council/,
police,9,Carlos Sanchez,name,value,Carlos Sanchez,https://ccpsa.chicago.gov/district-council/9th-district-council/,
police,9,Carlos Sanchez,email,value,Carlos.Sanchez2@cityofchicago.org,https://ccpsa.chicago.gov/member/carlos-sanchez/,
police,9,Carlos Sanchez,phone,unavailable,,https://ccpsa.chicago.gov/district-council/9th-district-council/,Not published by official source
police,9,Carlos Sanchez,address,unavailable,,https://ccpsa.chicago.gov/district-council/9th-district-council/,Not published by official source
police,9,Carlos Sanchez,photo,unavailable,,https://ccpsa.chicago.gov/district-council/9th-district-council/,Not published by official source
police,9,Denise E. McBroom,name,value,Denise E. McBroom,https://ccpsa.chicago.gov/district-council/9th-district-council/,
police,9,Denise E. McBroom,email,value,Denise.McBroom2@cityofchicago.org,https://ccpsa.chicago.gov/member/denise-e-mcbroom/,
police,9,Denise E. McBroom,phone,unavailable,,https://ccpsa.chicago.gov/district-council/9th-district-council/,Not published by official source
police,9,Denise E. McBroom,address,unavailable,,https://ccpsa.chicago.gov/district-council/9th-district-council/,Not published by official source
police,9,Denise E. McBroom,photo,unavailable,,https://ccpsa.chicago.gov/district-council/9th-district-council/,Not published by official source
police,9,Erin Vogel,name,value,Erin Vogel,https://ccpsa.chicago.gov/district-council/9th-district-council/,
police,9,Erin Vogel,email,value,Erin.Vogel@cityofchicago.org,https://ccpsa.chicago.gov/member/erin-vogel/,
police,9,Erin Vogel,phone,unavailable,,https://ccpsa.chicago.gov/district-council/9th-district-council/,Not published by official source
police,9,Erin Vogel,address,unavailable,,https://ccpsa.chicago.gov/district-council/9th-district-council/,Not published by official source
police,9,Erin Vogel,photo,value,https://ccpsa.chicago.gov/wp-content/uploads/2024/04/2024-03-24-Vogel-Erin_WM2394-scaled.jpg,https://ccpsa.chicago.gov/district-council/9th-district-council/,
police,2,Ephraim Lee,name,value,Ephraim Lee,https://ccpsa.chicago.gov/district-council/2nd-district-council/,
police,2,Ephraim Lee,email,value,Ephraim.Lee@cityofchicago.org,https://ccpsa.chicago.gov/member/ephraim-lee/,
police,2,Ephraim Lee,phone,unavailable,,https://ccpsa.chicago.gov/district-council/2nd-district-council/,Not published by official source
police,2,Ephraim Lee,address,unavailable,,https://ccpsa.chicago.gov/district-council/2nd-district-council/,Not published by official source
police,2,Ephraim Lee,photo,value,https://ccpsa.chicago.gov/wp-content/uploads/2024/04/Lee-Ephraim-2024-013-scaled.jpg,https://ccpsa.chicago.gov/district-council/2nd-district-council/,
police,2,Marquinn McDonald,name,value,Marquinn McDonald,https://ccpsa.chicago.gov/district-council/2nd-district-council/,
police,2,Marquinn McDonald,email,value,marquinn.mcdonald@cityofchicago.org,https://ccpsa.chicago.gov/member/marquinn-mcdonald/,
police,2,Marquinn McDonald,phone,unavailable,,https://ccpsa.chicago.gov/district-council/2nd-district-council/,Not published by official source
police,2,Marquinn McDonald,address,unavailable,,https://ccpsa.chicago.gov/district-council/2nd-district-council/,Not published by official source
police,2,Marquinn McDonald,photo,value,https://ccpsa.chicago.gov/wp-content/uploads/2025/07/McDonald-Marquinn-2025-009-scaled.jpg,https://ccpsa.chicago.gov/district-council/2nd-district-council/,
police,2,Alexander Perez,name,value,Alexander Perez,https://ccpsa.chicago.gov/district-council/2nd-district-council/,
police,2,Alexander Perez,email,value,Alexander.Perez@cityofchicago.org,https://ccpsa.chicago.gov/member/alexander-perez/,
police,2,Alexander Perez,phone,unavailable,,https://ccpsa.chicago.gov/district-council/2nd-district-council/,Not published by official source
police,2,Alexander Perez,address,unavailable,,https://ccpsa.chicago.gov/district-council/2nd-district-council/,Not published by official source
police,2,Alexander Perez,photo,value,https://ccpsa.chicago.gov/wp-content/uploads/2024/03/Alexander-Perez-scaled.jpg,https://ccpsa.chicago.gov/district-council/2nd-district-council/,
police,15,Carmelita Earls,name,value,Carmelita Earls,https://ccpsa.chicago.gov/district-council/15th-district-council/,
police,15,Carmelita Earls,email,value,Carmelita.Earls@cityofchicago.org,https://ccpsa.chicago.gov/member/carmelita-earls/,
police,15,Carmelita Earls,phone,unavailable,,https://ccpsa.chicago.gov/district-council/15th-district-council/,Not published by official source
police,15,Carmelita Earls,address,unavailable,,https://ccpsa.chicago.gov/district-council/15th-district-council/,Not published by official source
police,15,Carmelita Earls,photo,value,https://ccpsa.chicago.gov/wp-content/uploads/2024/04/Earls-Carmelita-2024-002-scaled.jpg,https://ccpsa.chicago.gov/district-council/15th-district-council/,
police,15,Arewa Najm EKUA,name,value,Arewa Najm EKUA,https://ccpsa.chicago.gov/district-council/15th-district-council/,
police,15,Arewa Najm EKUA,email,value,Karen.Winters@cityofchicago.org,https://ccpsa.chicago.gov/member/1624/,
police,15,Arewa Najm EKUA,phone,unavailable,,https://ccpsa.chicago.gov/district-council/15th-district-council/,Not published by official source
police,15,Arewa Najm EKUA,address,unavailable,,https://ccpsa.chicago.gov/district-council/15th-district-council/,Not published by official source
police,15,Arewa Najm EKUA,photo,value,https://ccpsa.chicago.gov/wp-content/uploads/2024/04/Winters-Karen-2024-014-scaled.jpg,https://ccpsa.chicago.gov/district-council/15th-district-council/,
police,15,Deondre Rutues,name,value,Deondre Rutues,https://ccpsa.chicago.gov/district-council/15th-district-council/,
police,15,Deondre Rutues,email,value,Deondre.Rutues@cityofchicago.org,https://ccpsa.chicago.gov/member/deondre-rutues/,
police,15,Deondre Rutues,phone,unavailable,,https://ccpsa.chicago.gov/district-council/15th-district-council/,Not published by official source
police,15,Deondre Rutues,address,unavailable,,https://ccpsa.chicago.gov/district-council/15th-district-council/,Not published by official source
police,15,Deondre Rutues,photo,value,https://ccpsa.chicago.gov/wp-content/uploads/2024/04/Rutues-Deondre-2024-002-scaled.jpg,https://ccpsa.chicago.gov/district-council/15th-district-council/,
schoolBoard,Sub District 1a,Ed Bannon,name,value,Ed Bannon,https://www.cps.edu/api/ersbgeojson/lists,
schoolBoard,Sub District 1a,Ed Bannon,email,value,boe-president@cps.edu,https://www.cpsboe.org/about/bios/2033,
schoolBoard,Sub District 1a,Ed Bannon,phone,unavailable,,https://www.cps.edu/api/ersbgeojson/lists,Not published by official source
schoolBoard,Sub District 1a,Ed Bannon,address,unavailable,,https://www.cps.edu/api/ersbgeojson/lists,Not published by official source
schoolBoard,Sub District 1a,Ed Bannon,photo,value,"https://www.cpsboe.org/content/images/person/sean_harden_headshot.jpg/image-full;max$250,0.ImageHandler",https://www.cpsboe.org/about/bios/2033,
schoolBoard,Sub District 1b,Jennifer Custer,name,value,Jennifer Custer,https://www.cps.edu/api/ersbgeojson/lists,
schoolBoard,Sub District 1b,Jennifer Custer,email,value,jcuster@cps.edu,https://www.cpsboe.org/about/bios/2035,
schoolBoard,Sub District 1b,Jennifer Custer,phone,unavailable,,https://www.cps.edu/api/ersbgeojson/lists,Not published by official source
schoolBoard,Sub District 1b,Jennifer Custer,address,unavailable,,https://www.cps.edu/api/ersbgeojson/lists,Not published by official source
schoolBoard,Sub District 1b,Jennifer Custer,photo,value,"https://www.cpsboe.org/content/images/person/jennifer_custer_central_photo_2-2.jpg/image-full;max$250,0.ImageHandler",https://www.cpsboe.org/about/bios/2035,
schoolBoard,Sub District 2a,Ebony DeBerry,name,value,Ebony DeBerry,https://www.cps.edu/api/ersbgeojson/lists,
schoolBoard,Sub District 2a,Ebony DeBerry,email,value,edeberry@cps.edu,https://www.cpsboe.org/about/bios/2036,
schoolBoard,Sub District 2a,Ebony DeBerry,phone,unavailable,,https://www.cps.edu/api/ersbgeojson/lists,Not published by official source
schoolBoard,Sub District 2a,Ebony DeBerry,address,unavailable,,https://www.cps.edu/api/ersbgeojson/lists,Not published by official source
schoolBoard,Sub District 2a,Ebony DeBerry,photo,value,"https://www.cpsboe.org/content/images/person/ebony_deberry_photo_1.jpg/image-full;max$250,0.ImageHandler",https://www.cpsboe.org/about/bios/2036,
schoolBoard,Sub District 2b,Debby Pope,name,value,Debby Pope,https://www.cps.edu/api/ersbgeojson/lists,
schoolBoard,Sub District 2b,Debby Pope,email,value,dpope16@cps.edu,https://www.cpsboe.org/about/bios/2030,
schoolBoard,Sub District 2b,Debby Pope,phone,unavailable,,https://www.cps.edu/api/ersbgeojson/lists,Not published by official source
schoolBoard,Sub District 2b,Debby Pope,address,unavailable,,https://www.cps.edu/api/ersbgeojson/lists,Not published by official source
schoolBoard,Sub District 2b,Debby Pope,photo,value,"https://www.cpsboe.org/content/images/person/debbypope-cropped.jpg/image-full;max$250,0.ImageHandler",https://www.cpsboe.org/about/bios/2030,
schoolBoard,Sub District 3a,Norma Rios-Sierra,name,value,Norma Rios-Sierra,https://www.cps.edu/api/ersbgeojson/lists,
schoolBoard,Sub District 3a,Norma Rios-Sierra,email,value,nriossierra1@cps.edu,https://www.cpsboe.org/about/bios/2037,
schoolBoard,Sub District 3a,Norma Rios-Sierra,phone,unavailable,,https://www.cps.edu/api/ersbgeojson/lists,Not published by official source
schoolBoard,Sub District 3a,Norma Rios-Sierra,address,unavailable,,https://www.cps.edu/api/ersbgeojson/lists,Not published by official source
schoolBoard,Sub District 3a,Norma Rios-Sierra,photo,value,"https://www.cpsboe.org/content/images/person/norma_rios-sierra_photo_1.jpg/image-full;max$250,0.ImageHandler",https://www.cpsboe.org/about/bios/2037,
schoolBoard,Sub District 3b,"Carlos A. Rivas, Jr.",name,value,"Carlos A. Rivas, Jr.",https://www.cps.edu/api/ersbgeojson/lists,
schoolBoard,Sub District 3b,"Carlos A. Rivas, Jr.",email,value,crivas18@cps.edu,https://www.cpsboe.org/about/bios/2043,
schoolBoard,Sub District 3b,"Carlos A. Rivas, Jr.",phone,unavailable,,https://www.cps.edu/api/ersbgeojson/lists,Not published by official source
schoolBoard,Sub District 3b,"Carlos A. Rivas, Jr.",address,unavailable,,https://www.cps.edu/api/ersbgeojson/lists,Not published by official source
schoolBoard,Sub District 3b,"Carlos A. Rivas, Jr.",photo,value,"https://www.cpsboe.org/content/images/person/carlos_rivas_jr_2_edit.jpg/image-full;max$250,0.ImageHandler",https://www.cpsboe.org/about/bios/2043,
schoolBoard,Sub District 4a,Karen Zaccor,name,value,Karen Zaccor,https://www.cps.edu/api/ersbgeojson/lists,
schoolBoard,Sub District 4a,Karen Zaccor,email,value,kzaccor1@cps.edu,https://www.cpsboe.org/about/bios/2038,
schoolBoard,Sub District 4a,Karen Zaccor,phone,unavailable,,https://www.cps.edu/api/ersbgeojson/lists,Not published by official source
schoolBoard,Sub District 4a,Karen Zaccor,address,unavailable,,https://www.cps.edu/api/ersbgeojson/lists,Not published by official source
schoolBoard,Sub District 4a,Karen Zaccor,photo,value,"https://www.cpsboe.org/content/images/person/karen_zaccor_photo_1.jpg/image-full;max$250,0.ImageHandler",https://www.cpsboe.org/about/bios/2038,
schoolBoard,Sub District 4b,Ellen Rosenfeld,name,value,Ellen Rosenfeld,https://www.cps.edu/api/ersbgeojson/lists,
schoolBoard,Sub District 4b,Ellen Rosenfeld,email,value,erosenfeld2@cps.edu,https://www.cpsboe.org/about/bios/2044,
schoolBoard,Sub District 4b,Ellen Rosenfeld,phone,unavailable,,https://www.cps.edu/api/ersbgeojson/lists,Not published by official source
schoolBoard,Sub District 4b,Ellen Rosenfeld,address,unavailable,,https://www.cps.edu/api/ersbgeojson/lists,Not published by official source
schoolBoard,Sub District 4b,Ellen Rosenfeld,photo,value,"https://www.cpsboe.org/content/images/person/ellen_rosenfeld_photo_2.jpg/image-full;max$250,0.ImageHandler",https://www.cpsboe.org/about/bios/2044,
schoolBoard,Sub District 5a,Jitu Brown,name,value,Jitu Brown,https://www.cps.edu/api/ersbgeojson/lists,
schoolBoard,Sub District 5a,Jitu Brown,email,value,jbrown512@cps.edu,https://www.cpsboe.org/about/bios/2046,
schoolBoard,Sub District 5a,Jitu Brown,phone,unavailable,,https://www.cps.edu/api/ersbgeojson/lists,Not published by official source
schoolBoard,Sub District 5a,Jitu Brown,address,unavailable,,https://www.cps.edu/api/ersbgeojson/lists,Not published by official source
schoolBoard,Sub District 5a,Jitu Brown,photo,value,"https://www.cpsboe.org/content/images/person/jitubrown_1.jpg/image-full;max$250,0.ImageHandler",https://www.cpsboe.org/about/bios/2046,
schoolBoard,Sub District 5b,Michilla Blaise,name,value,Michilla Blaise,https://www.cps.edu/api/ersbgeojson/lists,
schoolBoard,Sub District 5b,Michilla Blaise,email,value,mblaise@cps.edu,https://www.cpsboe.org/about/bios/2029,
schoolBoard,Sub District 5b,Michilla Blaise,phone,unavailable,,https://www.cps.edu/api/ersbgeojson/lists,Not published by official source
schoolBoard,Sub District 5b,Michilla Blaise,address,unavailable,,https://www.cps.edu/api/ersbgeojson/lists,Not published by official source
schoolBoard,Sub District 5b,Michilla Blaise,photo,value,"https://www.cpsboe.org/content/images/person/michilla_blaise-6_resized.jpg/image-full;max$250,0.ImageHandler",https://www.cpsboe.org/about/bios/2029,
schoolBoard,Sub District 6a,Anusha Thotakura,name,value,Anusha Thotakura,https://www.cps.edu/api/ersbgeojson/lists,
schoolBoard,Sub District 6a,Anusha Thotakura,email,value,athotakura@cps.edu,https://www.cpsboe.org/about/bios/2039,
schoolBoard,Sub District 6a,Anusha Thotakura,phone,unavailable,,https://www.cps.edu/api/ersbgeojson/lists,Not published by official source
schoolBoard,Sub District 6a,Anusha Thotakura,address,unavailable,,https://www.cps.edu/api/ersbgeojson/lists,Not published by official source
schoolBoard,Sub District 6a,Anusha Thotakura,photo,value,"https://www.cpsboe.org/content/images/person/anusha_thotakura_photo_1.jpg/image-full;max$250,0.ImageHandler",https://www.cpsboe.org/about/bios/2039,
schoolBoard,Sub District 6b,Jessica Biggs,name,value,Jessica Biggs,https://www.cps.edu/api/ersbgeojson/lists,
schoolBoard,Sub District 6b,Jessica Biggs,email,value,jbiggs7@cps.edu,https://www.cpsboe.org/about/bios/2047,
schoolBoard,Sub District 6b,Jessica Biggs,phone,unavailable,,https://www.cps.edu/api/ersbgeojson/lists,Not published by official source
schoolBoard,Sub District 6b,Jessica Biggs,address,unavailable,,https://www.cps.edu/api/ersbgeojson/lists,Not published by official source
schoolBoard,Sub District 6b,Jessica Biggs,photo,value,"https://www.cpsboe.org/content/images/person/jessica_biggs_photo_1.jpg/image-full;max$250,0.ImageHandler",https://www.cpsboe.org/about/bios/2047,
schoolBoard,Sub District 7a,Emma Lozano,name,value,Emma Lozano,https://www.cps.edu/api/ersbgeojson/lists,
schoolBoard,Sub District 7a,Emma Lozano,email,value,elozano23@cps.edu,https://www.cpsboe.org/about/bios/2040,
schoolBoard,Sub District 7a,Emma Lozano,phone,unavailable,,https://www.cps.edu/api/ersbgeojson/lists,Not published by official source
schoolBoard,Sub District 7a,Emma Lozano,address,unavailable,,https://www.cps.edu/api/ersbgeojson/lists,Not published by official source
schoolBoard,Sub District 7a,Emma Lozano,photo,value,"https://www.cpsboe.org/content/images/person/emma_lozano_photo_2.jpg/image-full;max$250,0.ImageHandler",https://www.cpsboe.org/about/bios/2040,
schoolBoard,Sub District 7b,Yesenia Lopez,name,value,Yesenia Lopez,https://www.cps.edu/api/ersbgeojson/lists,
schoolBoard,Sub District 7b,Yesenia Lopez,email,value,ylopez86@cps.edu,https://www.cpsboe.org/about/bios/2048,
schoolBoard,Sub District 7b,Yesenia Lopez,phone,unavailable,,https://www.cps.edu/api/ersbgeojson/lists,Not published by official source
schoolBoard,Sub District 7b,Yesenia Lopez,address,unavailable,,https://www.cps.edu/api/ersbgeojson/lists,Not published by official source
schoolBoard,Sub District 7b,Yesenia Lopez,photo,value,"https://www.cpsboe.org/content/images/person/yesenia_lopez_photo_2.jpg/image-full;max$250,0.ImageHandler",https://www.cpsboe.org/about/bios/2048,
schoolBoard,Sub District 8a,Angel Gutierrez,name,value,Angel Gutierrez,https://www.cps.edu/api/ersbgeojson/lists,
schoolBoard,Sub District 8a,Angel Gutierrez,email,value,agutierrez262@cps.edu,https://www.cpsboe.org/about/bios/2041,
schoolBoard,Sub District 8a,Angel Gutierrez,phone,unavailable,,https://www.cps.edu/api/ersbgeojson/lists,Not published by official source
schoolBoard,Sub District 8a,Angel Gutierrez,address,unavailable,,https://www.cps.edu/api/ersbgeojson/lists,Not published by official source
schoolBoard,Sub District 8a,Angel Gutierrez,photo,value,"https://www.cpsboe.org/content/images/person/angel_gutierrez_photo_2.jpg/image-full;max$250,0.ImageHandler",https://www.cpsboe.org/about/bios/2041,
schoolBoard,Sub District 8b,Cydney Sylvan Wallace,name,value,Cydney Sylvan Wallace,https://www.cps.edu/api/ersbgeojson/lists,
schoolBoard,Sub District 8b,Cydney Sylvan Wallace,email,value,cwallace21@cps.edu,https://www.cpsboe.org/about/bios/2049,
schoolBoard,Sub District 8b,Cydney Sylvan Wallace,phone,unavailable,,https://www.cps.edu/api/ersbgeojson/lists,Not published by official source
schoolBoard,Sub District 8b,Cydney Sylvan Wallace,address,unavailable,,https://www.cps.edu/api/ersbgeojson/lists,Not published by official source
schoolBoard,Sub District 8b,Cydney Sylvan Wallace,photo,value,"https://www.cpsboe.org/content/images/person/cydney_wallace_photos_2.jpg/image-full;max$250,0.ImageHandler",https://www.cpsboe.org/about/bios/2049,
schoolBoard,Sub District 9a,Dr. Angel L. Velez,name,value,Dr. Angel L. Velez,https://www.cps.edu/api/ersbgeojson/lists,
schoolBoard,Sub District 9a,Dr. Angel L. Velez,email,value,avelez41@cps.edu,https://www.cpsboe.org/about/bios/2050,
schoolBoard,Sub District 9a,Dr. Angel L. Velez,phone,unavailable,,https://www.cps.edu/api/ersbgeojson/lists,Not published by official source
schoolBoard,Sub District 9a,Dr. Angel L. Velez,address,unavailable,,https://www.cps.edu/api/ersbgeojson/lists,Not published by official source
schoolBoard,Sub District 9a,Dr. Angel L. Velez,photo,value,"https://www.cpsboe.org/content/images/person/2025_08_28_headshot_angelvelez.jpg/image-full;max$250,0.ImageHandler",https://www.cpsboe.org/about/bios/2050,
schoolBoard,Sub District 9b,Therese Boyle,name,value,Therese Boyle,https://www.cps.edu/api/ersbgeojson/lists,
schoolBoard,Sub District 9b,Therese Boyle,email,value,tboyle2@cps.edu,https://www.cpsboe.org/about/bios/2045,
schoolBoard,Sub District 9b,Therese Boyle,phone,unavailable,,https://www.cps.edu/api/ersbgeojson/lists,Not published by official source
schoolBoard,Sub District 9b,Therese Boyle,address,unavailable,,https://www.cps.edu/api/ersbgeojson/lists,Not published by official source
schoolBoard,Sub District 9b,Therese Boyle,photo,value,"https://www.cpsboe.org/content/images/person/theresa_boyle_photo_1.jpg/image-full;max$250,0.ImageHandler",https://www.cpsboe.org/about/bios/2045,
schoolBoard,Sub District 10a,"Che ""Rhymefest"" Smith",name,value,"Che ""Rhymefest"" Smith",https://www.cps.edu/api/ersbgeojson/lists,
schoolBoard,Sub District 10a,"Che ""Rhymefest"" Smith",email,value,csmith299@cps.edu,https://www.cpsboe.org/about/bios/2042,
schoolBoard,Sub District 10a,"Che ""Rhymefest"" Smith",phone,unavailable,,https://www.cps.edu/api/ersbgeojson/lists,Not published by official source
schoolBoard,Sub District 10a,"Che ""Rhymefest"" Smith",address,unavailable,,https://www.cps.edu/api/ersbgeojson/lists,Not published by official source
schoolBoard,Sub District 10a,"Che ""Rhymefest"" Smith",photo,value,"https://www.cpsboe.org/content/images/person/che_smith_photo_2.jpg/image-full;max$250,0.ImageHandler",https://www.cpsboe.org/about/bios/2042,
schoolBoard,Sub District 10b,Olga Bautista,name,value,Olga Bautista,https://www.cps.edu/api/ersbgeojson/lists,
schoolBoard,Sub District 10b,Olga Bautista,email,unavailable,,https://www.cps.edu/api/ersbgeojson/lists,Not published by official source
schoolBoard,Sub District 10b,Olga Bautista,phone,unavailable,,https://www.cps.edu/api/ersbgeojson/lists,Not published by official source
schoolBoard,Sub District 10b,Olga Bautista,address,unavailable,,https://www.cps.edu/api/ersbgeojson/lists,Not published by official source
schoolBoard,Sub District 10b,Olga Bautista,photo,unavailable,,https://www.cps.edu/api/ersbgeojson/lists,Not published by official source
cookCountyCommissioner,1,Tara Stamps,name,value,Tara Stamps,https://www.cookcountyil.gov/all-people/tara-stamps,
cookCountyCommissioner,1,Tara Stamps,email,value,tara.stamps@cookcountyil.gov,https://cook-county.legistar.com/People.aspx,
cookCountyCommissioner,1,Tara Stamps,phone,value,312-603-4566,https://www.cookcountyil.gov/all-people/tara-stamps,
cookCountyCommissioner,1,Tara Stamps,address,value,"118 N. Clark St. 10th Floor Chicago , IL 60602 United States",https://www.cookcountyil.gov/all-people/tara-stamps,
cookCountyCommissioner,1,Tara Stamps,photo,value,https://www.cookcountyil.gov/sites/g/files/ywwepo161/files/styles/crop_profile_photo/public/images/portraits/2023-08/STAMPS_SEAL_4821_pp_0.jpg?h=09c124b6&itok=rq-YWluM,https://www.cookcountyil.gov/all-people/tara-stamps,
cookCountyCommissioner,2,Michael Scott Jr.,name,value,Michael Scott Jr.,https://www.cookcountyil.gov/all-people/michael-scott-jr,
cookCountyCommissioner,2,Michael Scott Jr.,email,value,Michael.ScottJr@cookcountyil.gov,https://www.cookcountyil.gov/all-people/michael-scott-jr,
cookCountyCommissioner,2,Michael Scott Jr.,phone,value,(312) 603-3019,https://www.cookcountyil.gov/all-people/michael-scott-jr,
cookCountyCommissioner,2,Michael Scott Jr.,address,value,"118 N. Clark St. 10th Floor Chicago , IL 60602 United States",https://www.cookcountyil.gov/all-people/michael-scott-jr,
cookCountyCommissioner,2,Michael Scott Jr.,photo,value,https://www.cookcountyil.gov/sites/g/files/ywwepo161/files/styles/crop_profile_photo/public/images/portraits/2024-08/COMM%20SCOTT_9627%20copy_pp_0.jpg?itok=JB7Zzlvb,https://www.cookcountyil.gov/all-people/michael-scott-jr,
cookCountyCommissioner,3,Bill Lowry,name,value,Bill Lowry,https://www.cookcountyil.gov/all-people/bill-lowry,
cookCountyCommissioner,3,Bill Lowry,email,value,bill.lowry@cookcountyil.gov,https://www.cookcountyil.gov/all-people/bill-lowry,
cookCountyCommissioner,3,Bill Lowry,phone,value,(312) 603-6391,https://www.cookcountyil.gov/all-people/bill-lowry,
cookCountyCommissioner,3,Bill Lowry,address,value,"118 N. Clark St. Room 567 Chicago , IL 60602 United States",https://www.cookcountyil.gov/all-people/bill-lowry,
cookCountyCommissioner,3,Bill Lowry,photo,value,https://www.cookcountyil.gov/sites/g/files/ywwepo161/files/styles/crop_profile_photo/public/images/portraits/2021-09/bill_lowry_3rd_district.jpg?h=9326d3c7&itok=45B_pC7b,https://www.cookcountyil.gov/all-people/bill-lowry,
cookCountyCommissioner,4,Stanley Moore,name,value,Stanley Moore,https://www.cookcountyil.gov/all-people/stanley-moore,
cookCountyCommissioner,4,Stanley Moore,email,value,stanley.moore2@cookcountyil.gov,https://www.cookcountyil.gov/all-people/stanley-moore,
cookCountyCommissioner,4,Stanley Moore,phone,value,(312) 603-2065,https://www.cookcountyil.gov/all-people/stanley-moore,
cookCountyCommissioner,4,Stanley Moore,address,value,"118 N.Clark St. Room 567 Chicago , IL 60602 United States",https://www.cookcountyil.gov/all-people/stanley-moore,
cookCountyCommissioner,4,Stanley Moore,photo,value,https://www.cookcountyil.gov/sites/g/files/ywwepo161/files/styles/crop_profile_photo/public/images/portraits/2021-09/stanley_moore_4th_district_1.jpg?h=9326d3c7&itok=8-sGYoNY,https://www.cookcountyil.gov/all-people/stanley-moore,
cookCountyCommissioner,5,Dr. Kisha McCaskill,name,value,Dr. Kisha McCaskill,https://www.cookcountyil.gov/all-people/dr-kisha-mccaskill,
cookCountyCommissioner,5,Dr. Kisha McCaskill,email,value,kisha.mccaskill@cookcountyil.gov,https://cook-county.legistar.com/People.aspx,
cookCountyCommissioner,5,Dr. Kisha McCaskill,phone,value,(312)603-6381,https://www.cookcountyil.gov/all-people/dr-kisha-mccaskill,
cookCountyCommissioner,5,Dr. Kisha McCaskill,address,value,"118 N. Clark St. 10th Floor Chicago , IL 60602 United States",https://www.cookcountyil.gov/all-people/dr-kisha-mccaskill,
cookCountyCommissioner,5,Dr. Kisha McCaskill,photo,value,https://www.cookcountyil.gov/sites/g/files/ywwepo161/files/styles/crop_profile_photo/public/images/portraits/2025-01/thumbnail_COMM%20MCCASKILL%208X10.jpg?h=f883ad86&itok=bUux8gRB,https://www.cookcountyil.gov/all-people/dr-kisha-mccaskill,
cookCountyCommissioner,6,Donna Miller,name,value,Donna Miller,https://www.cookcountyil.gov/all-people/donna-miller,
cookCountyCommissioner,6,Donna Miller,email,value,donna.miller@cookcountyil.gov,https://www.cookcountyil.gov/all-people/donna-miller,
cookCountyCommissioner,6,Donna Miller,phone,value,(312) 603-4216,https://www.cookcountyil.gov/all-people/donna-miller,
cookCountyCommissioner,6,Donna Miller,address,value,"118 N. Clark St. Room 567 Chicago , IL 60602 United States",https://www.cookcountyil.gov/all-people/donna-miller,
cookCountyCommissioner,6,Donna Miller,photo,value,https://www.cookcountyil.gov/sites/g/files/ywwepo161/files/styles/crop_profile_photo/public/images/portraits/2021-09/donna_miller_6th_district_0.jpg?h=9326d3c7&itok=su4DaALf,https://www.cookcountyil.gov/all-people/donna-miller,
cookCountyCommissioner,7,Alma Anaya,name,value,Alma Anaya,https://www.cookcountyil.gov/all-people/alma-anaya,
cookCountyCommissioner,7,Alma Anaya,email,value,alma.anaya@cookcountyil.gov,https://www.cookcountyil.gov/all-people/alma-anaya,
cookCountyCommissioner,7,Alma Anaya,phone,value,(312) 603-5443,https://www.cookcountyil.gov/all-people/alma-anaya,
cookCountyCommissioner,7,Alma Anaya,address,value,"118 N. Clark St. Room 567 Chicago , IL 60602 United States",https://www.cookcountyil.gov/all-people/alma-anaya,
cookCountyCommissioner,7,Alma Anaya,photo,value,https://www.cookcountyil.gov/sites/g/files/ywwepo161/files/styles/crop_profile_photo/public/images/portraits/2021-09/alma_e._anaya_7th_district.jpg?h=e71bd5f1&itok=gmo6oowd,https://www.cookcountyil.gov/all-people/alma-anaya,
cookCountyCommissioner,8,Jessica Vásquez,name,value,Jessica Vásquez,https://www.cookcountyil.gov/all-people/jessica-v-squez,
cookCountyCommissioner,8,Jessica Vásquez,email,value,Jessica.Vasquez@cookcountyil.gov,https://cook-county.legistar.com/People.aspx,
cookCountyCommissioner,8,Jessica Vásquez,phone,value,(312) 603-6386,https://www.cookcountyil.gov/all-people/jessica-v-squez,
cookCountyCommissioner,8,Jessica Vásquez,address,value,"118 N. Clark St. 10th Floor Chicago , IL 60602 United States",https://www.cookcountyil.gov/all-people/jessica-v-squez,
cookCountyCommissioner,8,Jessica Vásquez,photo,value,https://www.cookcountyil.gov/sites/g/files/ywwepo161/files/styles/crop_profile_photo/public/images/portraits/2025-05/Com.%20Vasquez%20Seal%20Headshot.jpg?itok=xX-X4DuV,https://www.cookcountyil.gov/all-people/jessica-v-squez,
cookCountyCommissioner,9,Maggie Trevor,name,value,Maggie Trevor,https://www.cookcountyil.gov/all-people/maggie-trevor,
cookCountyCommissioner,9,Maggie Trevor,email,value,district9@cookcountyil.gov,https://www.cookcountyil.gov/all-people/maggie-trevor,
cookCountyCommissioner,9,Maggie Trevor,phone,value,(312) 603-4393,https://www.cookcountyil.gov/all-people/maggie-trevor,
cookCountyCommissioner,9,Maggie Trevor,address,value,"118 N. Clark St. 10th Floor Chicago , IL 60602 United States",https://www.cookcountyil.gov/all-people/maggie-trevor,
cookCountyCommissioner,9,Maggie Trevor,photo,value,https://www.cookcountyil.gov/sites/g/files/ywwepo161/files/styles/crop_profile_photo/public/images/portraits/2023-06/TREVOR%2C%20MAGGIE_9770_pp%20%281%29final%28resized%29.jpg?h=f5b7cab8&itok=D_YXcsiN,https://www.cookcountyil.gov/all-people/maggie-trevor,
cookCountyCommissioner,10,Bridget Gainer,name,value,Bridget Gainer,https://www.cookcountyil.gov/all-people/bridget-gainer,
cookCountyCommissioner,10,Bridget Gainer,email,value,district10@cookcountyil.gov,https://www.cookcountyil.gov/all-people/bridget-gainer,
cookCountyCommissioner,10,Bridget Gainer,phone,value,(312) 603-4210,https://www.cookcountyil.gov/all-people/bridget-gainer,
cookCountyCommissioner,10,Bridget Gainer,address,value,"118 N. Clark St. Room 567 Chicago , IL 60602 United States",https://www.cookcountyil.gov/all-people/bridget-gainer,
cookCountyCommissioner,10,Bridget Gainer,photo,value,https://www.cookcountyil.gov/sites/g/files/ywwepo161/files/styles/crop_profile_photo/public/images/portraits/2021-09/bridget_m._gainer_10th_district.jpg?h=9326d3c7&itok=yU90jbuM,https://www.cookcountyil.gov/all-people/bridget-gainer,
cookCountyCommissioner,11,John Daley,name,value,John Daley,https://www.cookcountyil.gov/all-people/john-daley,
cookCountyCommissioner,11,John Daley,email,value,john.daley@cookcountyil.gov,https://www.cookcountyil.gov/all-people/john-daley,
cookCountyCommissioner,11,John Daley,phone,value,(312) 603-4400,https://www.cookcountyil.gov/all-people/john-daley,
cookCountyCommissioner,11,John Daley,address,value,"118 N. Clark St. Room 567 Chicago , IL 60602 United States",https://www.cookcountyil.gov/all-people/john-daley,
cookCountyCommissioner,11,John Daley,photo,value,https://www.cookcountyil.gov/sites/g/files/ywwepo161/files/styles/crop_profile_photo/public/images/portraits/2021-09/john_p._daley_11th_district_0.jpg?h=ef0565d3&itok=cQTFMyPD,https://www.cookcountyil.gov/all-people/john-daley,
cookCountyCommissioner,12,Bridget Degnen,name,value,Bridget Degnen,https://www.cookcountyil.gov/all-people/bridget-degnen,
cookCountyCommissioner,12,Bridget Degnen,email,value,bridget.degnen@cookcountyil.gov,https://www.cookcountyil.gov/all-people/bridget-degnen,
cookCountyCommissioner,12,Bridget Degnen,phone,value,(312) 603-6380,https://www.cookcountyil.gov/all-people/bridget-degnen,
cookCountyCommissioner,12,Bridget Degnen,address,value,"118 N. Clark St. 10th Floor Chicago , IL 60602 United States",https://www.cookcountyil.gov/all-people/bridget-degnen,
cookCountyCommissioner,12,Bridget Degnen,photo,value,https://www.cookcountyil.gov/sites/g/files/ywwepo161/files/styles/crop_profile_photo/public/images/portraits/2021-09/bridget_degnen_12th_district.jpg?h=9326d3c7&itok=q_Hw8lLZ,https://www.cookcountyil.gov/all-people/bridget-degnen,
cookCountyCommissioner,13,Josina Morita,name,value,Josina Morita,https://www.cookcountyil.gov/all-people/josina-morita,
cookCountyCommissioner,13,Josina Morita,email,value,Josina.Morita@cookcountyil.gov,https://www.cookcountyil.gov/all-people/josina-morita,
cookCountyCommissioner,13,Josina Morita,phone,value,(312) 603-6383,https://www.cookcountyil.gov/all-people/josina-morita,
cookCountyCommissioner,13,Josina Morita,address,value,"118 N. Clark St. 10th Floor Chicago , IL 60602 United States",https://www.cookcountyil.gov/all-people/josina-morita,
cookCountyCommissioner,13,Josina Morita,photo,value,https://www.cookcountyil.gov/sites/g/files/ywwepo161/files/styles/crop_profile_photo/public/images/portraits/2023-06/MORITA%2C%20JOSINA_9654_ppfinal%28resized%29.jpg?h=16f098c7&itok=dXOLEa63,https://www.cookcountyil.gov/all-people/josina-morita,
cookCountyCommissioner,14,Scott Britton,name,value,Scott Britton,https://www.cookcountyil.gov/all-people/scott-britton,
cookCountyCommissioner,14,Scott Britton,email,value,Scott.Britton@cookcountyil.gov,https://www.cookcountyil.gov/all-people/scott-britton,
cookCountyCommissioner,14,Scott Britton,phone,value,(312) 603-4932,https://www.cookcountyil.gov/all-people/scott-britton,
cookCountyCommissioner,14,Scott Britton,address,value,"118 N. Clark St. 10th Floor Chicago , IL 60602 United States",https://www.cookcountyil.gov/all-people/scott-britton,
cookCountyCommissioner,14,Scott Britton,photo,value,https://www.cookcountyil.gov/sites/g/files/ywwepo161/files/styles/crop_profile_photo/public/images/portraits/2021-09/scott_r._britton_14th_district.jpg?h=9326d3c7&itok=d531G9Jr,https://www.cookcountyil.gov/all-people/scott-britton,
cookCountyCommissioner,15,Kevin Morrison,name,value,Kevin Morrison,https://www.cookcountyil.gov/all-people/kevin-morrison,
cookCountyCommissioner,15,Kevin Morrison,email,value,kevin.morrison@cookcountyil.gov,https://www.cookcountyil.gov/all-people/kevin-morrison,
cookCountyCommissioner,15,Kevin Morrison,phone,value,(312) 603-6388,https://www.cookcountyil.gov/all-people/kevin-morrison,
cookCountyCommissioner,15,Kevin Morrison,address,value,"118 N. Clark St. Room 567 Chicago , IL 60602 United States",https://www.cookcountyil.gov/all-people/kevin-morrison,
cookCountyCommissioner,15,Kevin Morrison,photo,value,https://www.cookcountyil.gov/sites/g/files/ywwepo161/files/styles/crop_profile_photo/public/images/portraits/2021-09/kevin_b._morrison_15th_district.jpg?h=9326d3c7&itok=aql8Vp--,https://www.cookcountyil.gov/all-people/kevin-morrison,
cookCountyCommissioner,16,Frank Aguilar,name,value,Frank Aguilar,https://www.cookcountyil.gov/all-people/frank-aguilar,
cookCountyCommissioner,16,Frank Aguilar,email,value,Frank.Aguilar@cookcountyil.gov,https://cook-county.legistar.com/People.aspx,
cookCountyCommissioner,16,Frank Aguilar,phone,value,(312) 603-4735,https://www.cookcountyil.gov/all-people/frank-aguilar,
cookCountyCommissioner,16,Frank Aguilar,address,value,"118 N. Clark St. Room 567 Chicago , IL 60602 United States",https://www.cookcountyil.gov/all-people/frank-aguilar,
cookCountyCommissioner,16,Frank Aguilar,photo,value,https://www.cookcountyil.gov/sites/g/files/ywwepo161/files/styles/crop_profile_photo/public/images/portraits/2021-09/frank_j._aguilar_16th_district.jpg?itok=D1u9QO40,https://www.cookcountyil.gov/all-people/frank-aguilar,
cookCountyCommissioner,17,Sean Morrison,name,value,Sean Morrison,https://www.cookcountyil.gov/all-people/sean-morrison,
cookCountyCommissioner,17,Sean Morrison,email,value,sean.morrison@cookcountyil.gov,https://www.cookcountyil.gov/all-people/sean-morrison,
cookCountyCommissioner,17,Sean Morrison,phone,value,(312) 603-4215,https://www.cookcountyil.gov/all-people/sean-morrison,
cookCountyCommissioner,17,Sean Morrison,address,value,"118 N. Clark St. Room 567 Chicago , IL 60602 United States",https://www.cookcountyil.gov/all-people/sean-morrison,
cookCountyCommissioner,17,Sean Morrison,photo,value,https://www.cookcountyil.gov/sites/g/files/ywwepo161/files/styles/crop_profile_photo/public/images/portraits/2021-09/sean_morrison_17th_district.jpg?h=9326d3c7&itok=XlB98dpY,https://www.cookcountyil.gov/all-people/sean-morrison,
